Parent Name (Consumer),Parent Type,Parent ID,Child Name (Supplier),Child Type,Child ID,Relationship ID
Akamai Web Application Firewall,Business Service,PIB3GTJ,Akamai WAF,Technical Service,P295P49,DQA0MCE4TOOYYNMQYN
Akamai Web Application Firewall,Business Service,PIB3GTJ,Akamai WAF - Atlassian,Technical Service,P2EA3Y5,DQA0MCE4TOOYYRPN42
Akamai Web Application Firewall,Business Service,PIB3GTJ,Akamai WAF - Low,Technical Service,PPVD2GI,DQA0MCE4TOOYYOT5UU
Data Services,Business Service,PA4CD4L,Data Services,Technical Service,PFKHYJY,D28EHG7CA8ZAOLQ4EWC
WCMS Service,Business Service,PWVRCSY,WCMS Datadog - High,Technical Service,PBKOX80,D28EHGB8FN0BQRPMZMQ
WCMS Service,Business Service,PWVRCSY,WCMS Datadog  Core Hours,Technical Service,P95R0K4,D28EHGB8FN0BQRPMZNQ
iview ,Business Service,PHX0VNB,iView Live Streams,Technical Service,PCZ5UED,D2AI8K5QT9ZXI7MB3OO
iview ,Business Service,PHX0VNB,iView High Urgency,Technical Service,PQG5LF0,D2AI8K5QT9ZXI7M8UB9
iview ,Business Service,PHX0VNB,Gigya User Application,Technical Service,PLA18U3,D2AI8K5QT9ZXI87EESH
Terminus,Business Service,PESVIWN,MAPI,Technical Service,PFGJ942,D2BIR1O0IBE544UB8UI
Terminus,Business Service,PESVIWN,PAPI (low urgency),Technical Service,PBO7R9A,D2BIR1O0IBE544UB2CS
Terminus,Business Service,PESVIWN,PAPI (high urgency),Technical Service,PT6RV1C,D2BIR1O0IBE544UB8U4
Kids App,Business Service,PX450TF,Recommendations Engine,Business Service,P3HP8C2,D2EB8Q60VIALLOS2CBE
triple j App,Business Service,P1FGDVJ,Terminus API,Business Service,P35H2A0,D2EB8LEQAD1AY6X9TK4
UGC Tools (Zendesk Support),Business Service,PNZ8NTG,"Subscriptions API (SFMC API, Salesforce Marketing Cloud API)",Business Service,PHWUCDC,D2EB8OBUBVT3KSIMEV3
wCMS (CoreMedia 11),Business Service,P4VHRE4,ABC Transcribe (Transcription UI),Business Service,PWBXAZZ,D2EB8H30ARW4JDLN5XE
triple j App,Business Service,P1FGDVJ,Recommendations Engine,Business Service,P3HP8C2,D2EB8LEQAD1AY6X9TJU
"Commercial Sites (Inc. Shop, News Syndication)",Business Service,PI7MIFE,Commerical Competitions (ShortStack),Business Service,PTCZ66V,D2EB8E5W994BWS0AKPI
Email Newsletters (SFMC),Business Service,PZQSC21,ABC Account API,Business Service,PQ4TF9L,D2EB8S7ZPWU5QXB37AY
"Subscriptions API (SFMC API, Salesforce Marketing Cloud API)",Business Service,PHWUCDC,Email Newsletters (SFMC),Business Service,PZQSC21,D2EB8F8TR5EMIHC78L3
Kirby (iview Data Ingestion Service),Business Service,PDJ128W,Metro (Transcoder),Business Service,PXFA6VH,D2EB8WBXEPXA1ED4XEI
Chromecast Receiver,Business Service,P83MFAB,iview Chromecast Receiver,Business Service,PVOXOVV,D2EB8XYBNKCPXYCZX7A
Kirby (iview Data Ingestion Service),Business Service,PDJ128W,Live Streaming Workflow Platform,Business Service,P3G6YJ9,D2EB8WBXEPXA1ED4XH3
iview TAL,Business Service,PGR9X1B,iview API,Business Service,PCW0D4S,D2EB8MPG31DNO8IRF5D
Chartbeat Analytics,Business Service,P2JJ9S4,News Web,Business Service,PSGOGCQ,D2EB8UXBGNJW96MUV5B
Double J Web,Business Service,P06IY6J,Core Next,Business Service,P49JYW8,D2EB8Z91G8P2NZYHIRG
News Web,Business Service,PSGOGCQ,Live Blogging (Norkon Live Center),Business Service,PJFFROL,D2EB8RCUISLX9K8RH02
UGC Tools (Zendesk Support),Business Service,PNZ8NTG,UGC File Uploads (FileStack),Business Service,PQEGOW7,D2EB8OBUBVT3KSIMEZ1
Streaming QoS (Youbora),Business Service,PRB3B0P,iview TV App (tvOS / Android TV),Business Service,P3QZ923,D2EB8YTGUOKYFBFBNKL
iview App (Native),Business Service,PTDEFMO,"SeeSaw (Favourites, History, Prefs)",Business Service,PW02UXX,D2EB8ELGUT8G5GJGFRG
Personalised Recommendations,Business Service,P6F53PQ,Disco (PAX Data Service),Business Service,P7J7Z8Y,D2EB8J4Z56FOOM4O117
triple j Chromecast Receiver,Business Service,P997LPC,triple j App,Business Service,P1FGDVJ,D2EB8QHPBODOS76FQPK
ABC Transcribe (Transcription UI),Business Service,PWBXAZZ,Transcription Engine (Transcript Model),Business Service,PUA25TT,D2EB8FKI7BHPOZQKMW0
Homepage,Business Service,P4UBELO,On-Platform Promos,Business Service,P14OXTH,D2EB8Y27SYDR04HSE0Y
ABC Listen App,Business Service,P4LREYN,Recommendations Engine,Business Service,P3HP8C2,D2EB8ROIYYP0G2N4VDM
"iview Partners (Foxtel, Fetch, Amazon Echo Show, Telstra TV)",Business Service,PBZDQAN,iview API,Business Service,PCW0D4S,D2EB8U9YKBDPW5U42GH
Chartbeat Analytics,Business Service,P2JJ9S4,"TV Programs (BTN, Gardening, Media Watch, Q&A, Rage)",Business Service,PKUNXR0,D2EB8UXBGNJW96MUV2G
Terminus API,Business Service,P35H2A0,Program API (PAPI),Business Service,PW7HAMA,D2EB8J8VAKGPQS9GHRX
iView Web,Business Service,PLYQ3N8,iview API,Business Service,PCW0D4S,D2EB8PQG9Y6HD08WH9T
Core Next,Business Service,P49JYW8,Emergency Service (Aurora),Business Service,PWJPH1C,D2EB8SRGGUZB1RZ1JAR
Kids App,Business Service,PX450TF,Terminus API,Business Service,P35H2A0,D2EB8Q60VIALLOS2CBO
Media Storage (S3),Business Service,P29WD5I,Media Storage (On-prem),Business Service,PTN1GPP,D2EB8F11GDCKE52MAYC
Search (Algolia),Business Service,PQMYULN,Terminus API,Business Service,P35H2A0,D2EB8ZWECKV910R8BFO
Everyday,Business Service,PUYJVAA,Recommendations Engine,Business Service,P3HP8C2,D2EB8ZSI76U7YUMFUMY
Chartbeat Analytics,Business Service,P2JJ9S4,Homepage,Business Service,P4UBELO,D2EB8UXBGNJW96MUV71
News Web,Business Service,PSGOGCQ,Login & Consent Mgmt (Gigya),Business Service,PM9I9PN,D2EB8RCUISLX9K8RH1Y
Measurement & Notifications (Google Firebase),Business Service,P7TA9RS,triple j Unearthed,Business Service,PK8PE64,D2EB8I21NA5E2WSRD4K
iview CTV (Smart TVs),Business Service,PY0SPKK,Login & Consent Mgmt (Gigya),Business Service,PM9I9PN,D2EB8UDUPPEQYBYWJ6E
Chartbeat Analytics,Business Service,P2JJ9S4,Education,Business Service,PT1404T,D2EB8UXBGNJW96MUV6O
wCMS (CoreMedia 11),Business Service,P4VHRE4,Location Service (Aurora),Business Service,PVLJHEE,D2EB8H30ARW4JDLN621
Homepage,Business Service,P4UBELO,Recommendations Engine,Business Service,P3HP8C2,D2EB8Y27SYDR04HSDZU
Chartbeat Analytics,Business Service,P2JJ9S4,Everyday,Business Service,PUYJVAA,D2EB8UXBGNJW96MUV7H
Facebook News Notifier,Business Service,P2UOJXL,Terminus API,Business Service,P35H2A0,D2EB8KBSSGR0CHLD5NO
Streaming QoS (Youbora),Business Service,PRB3B0P,iView Web,Business Service,PLYQ3N8,D2EB8YTGUOKYFBFBNKW
ABC Account API,Business Service,PQ4TF9L,Login & Consent Mgmt (Gigya),Business Service,PM9I9PN,D2EB8EPD079H7MO8WLY
Kirby (iview Data Ingestion Service),Business Service,PDJ128W,Terminus API,Business Service,P35H2A0,D2EB8WBXEPXA1ED4XD0
Email Newsletters (SFMC),Business Service,PZQSC21,Profiles Event Bus,Business Service,PUR4P8X,D2EB8S7ZPWU5QXB37F0
Kids App,Business Service,PX450TF,iview API,Business Service,PCW0D4S,D2EB8Q60VIALLOS2CFL
iview XBOX,Business Service,POETT5H,iview API,Business Service,PCW0D4S,D2EB8GV7ZZU2F1C28HD
Chartbeat Analytics,Business Service,P2JJ9S4,Regional and Local Sites (x54 Sites),Business Service,PU6P5GU,D2EB8UXBGNJW96MUV4R
iView Web,Business Service,PLYQ3N8,Login & Consent Mgmt (Gigya),Business Service,PM9I9PN,D2EB8PQG9Y6HD08WH7A
triple j Web,Business Service,PHNWJVG,App Framework (Next.js),Business Service,PUHHOIW,D2EB8QX9X8HT0VPLLW1
Syndication Engine,Business Service,P9CKKMB,Terminus API,Business Service,P35H2A0,D2EB8K40HOOY85BS82S
Jazz Web,Business Service,PCELWPO,App Framework (Next.js),Business Service,PUHHOIW,D2EB8MTC8FEOQENJVV5
Radio National,Business Service,PG6UQZY,Core Next,Business Service,P49JYW8,D2EB8HEOQXZ7PW00KE4
ABC listen Push Notifications (Google Firebase),Business Service,PODNGQ1,ABC Listen App,Business Service,P4LREYN,D2EB8XUFI6BOVS87GHE
ABC iview Australia App (iview International),Business Service,P1P3DIK,iview API,Business Service,PCW0D4S,D2EB8RSF4CQ1I8RXCA9
Disco (PAX Data Service),Business Service,P7J7Z8Y,Terminus API,Business Service,P35H2A0,D2EB8SNKBGY9ZLU92HW
Terminus API,Business Service,P35H2A0,Music API (MAPI),Business Service,PD8BVMN,D2EB8J8VAKGPQS9GHQI
Preview,Business Service,PMUASEQ,App Framework (Next.js),Business Service,PUHHOIW,D2EB8TYA45AMPNFQO0H
iview App (Native),Business Service,PTDEFMO,Recommendations Engine,Business Service,P3HP8C2,D2EB8ELGUT8G5GJGFRU
iview CTV (Smart TVs),Business Service,PY0SPKK,Recommendations Engine,Business Service,P3HP8C2,D2EB8UDUPPEQYBYWJ4Q
DRM (BuyDRM),Business Service,PPIVM22,Metro (Transcoder),Business Service,PXFA6VH,D2EB8QDT6ACNQ11N9Y2
Chartbeat Analytics,Business Service,P2JJ9S4,triple j Web,Business Service,PHNWJVG,D2EB8UXBGNJW96MUV57
Taxonomy Suggestions for Editors,Business Service,P6W7N4U,Automated Metadata Engine (AME),Business Service,PXXI03E,D2EB8UTFB9IV70I2EAX
Country Web,Business Service,PC3TQN9,Core Next,Business Service,P49JYW8,D2EB8NW9QBOZC3ZGJSS
Search (Algolia),Business Service,PQMYULN,Disco (PAX Data Service),Business Service,P7J7Z8Y,D2EB8ZWECKV910R8BI3
Hottest 100 Voting (MIK),Business Service,P28R3Q2,Login & Consent Mgmt (Gigya),Business Service,PM9I9PN,D2EB8W08YJU6UVYRJ12
iview App (Native),Business Service,PTDEFMO,iview API,Business Service,PCW0D4S,D2EB8ELGUT8G5GJGFW1
Double J Web,Business Service,P06IY6J,App Framework (Next.js),Business Service,PUHHOIW,D2EB8Z91G8P2NZYHIQ9
News App,Business Service,P91SEKZ,Terminus API,Business Service,P35H2A0,D2EB8L6XZKZ8TUNOVZ8
Event Pipeline (Snowplow),Business Service,PRK1U88,ABC KIDS Listen App,Business Service,P8FULCD,D2EB8N50OLHRWX1XAAQ
Radio National,Business Service,PG6UQZY,App Framework (Next.js),Business Service,PUHHOIW,D2EB8HEOQXZ7PW00KCX
Composer API (SFMC Template Composer),Business Service,PXQ2GBB,Terminus API,Business Service,P35H2A0,D2EB8EHKPF7F3AENYZO
ABC Listen App,Business Service,P4LREYN,Login & Consent Mgmt (Gigya),Business Service,PM9I9PN,D2EB8ROIYYP0G2N4VFA
ABC KIDS Listen App,Business Service,P8FULCD,Terminus API,Business Service,P35H2A0,D2EB8WVE5O2FC9139B8
iview CMS (Dashboard),Business Service,PJ4N89J,Kirby (iview Data Ingestion Service),Business Service,PDJ128W,D2EB8IDQ3G8H9F74RJ1
News App,Business Service,P91SEKZ,Recommendations Engine,Business Service,P3HP8C2,D2EB8L6XZKZ8TUNOVYY
Hottest 100 Voting (MIK),Business Service,P28R3Q2,reCAPTCHA,Business Service,PCX6PK8,D2EB8W08YJU6UVYRIZ8
ABC Kids listen Web,Business Service,P8GAYVW,Core Next,Business Service,P49JYW8,D2EB8FW6NHKSVI4Y1BW
iview Chromecast Receiver,Business Service,PVOXOVV,iview API,Business Service,PCW0D4S,D2EB8HQD742AWEEDYSX
ABC Account,Business Service,PJP2RBM,Disco (PAX Data Service),Business Service,P7J7Z8Y,D2EB8NOHFJMX7RPVM7V
iView Web,Business Service,PLYQ3N8,"SeeSaw (Favourites, History, Prefs)",Business Service,PW02UXX,D2EB8PQG9Y6HD08WH58
triple j Push Notifications (Google Firebase),Business Service,PADT165,triple j App,Business Service,P1FGDVJ,D2EB8Q24Q49KJIN9VJS
triple j Unearthed,Business Service,PK8PE64,Terminus API,Business Service,P35H2A0,D2EB8RWB9QR2KEWPSYS
iview Chromecast Receiver,Business Service,PVOXOVV,iview App (Native),Business Service,PTDEFMO,D2EB8HQD742AWEEDYNT
Everyday,Business Service,PUYJVAA,App Framework (Next.js),Business Service,PUHHOIW,D2EB8ZSI76U7YUMFUOH
"Content API (wCMS, CAPI)",Business Service,PV2ZVNZ,wCMS (CoreMedia 11),Business Service,P4VHRE4,D2EB8TETD75HESRSC0G
triple j App,Business Service,P1FGDVJ,Login & Consent Mgmt (Gigya),Business Service,PM9I9PN,D2EB8LEQAD1AY6X9TLI
Push Notifications (TBC),Business Service,P9U04EF,Measurement & Notifications (Google Firebase),Business Service,P7TA9RS,D2EB8VSGNRS4QJP6LEH
Chromecast Receiver,Business Service,P83MFAB,triple j Chromecast Receiver,Business Service,P997LPC,D2EB8XYBNKCPXYCZX9J
iview PS4,Business Service,PFKWXRC,iview API,Business Service,PCW0D4S,D2EB8T34X12E8ADEXRL
News App,Business Service,P91SEKZ,News Web,Business Service,PSGOGCQ,D2EB8L6XZKZ8TUNOW1B
"ML/AI Demo UI (Automated Metadata UI, Transcript & Subtitle Editor)",Business Service,PEYBI3R,ML/AI Prompt Layer (The Prompt),Business Service,P57PXG6,D2EB8E9SEN5CYY531DY
iview CMS (Dashboard),Business Service,PJ4N89J,Metro (Transcoder),Business Service,PXFA6VH,D2EB8IDQ3G8H9F74RH6
"ML/AI Demo UI (Automated Metadata UI, Transcript & Subtitle Editor)",Business Service,PEYBI3R,Automated Metadata Engine (AME),Business Service,PXXI03E,D2EB8E9SEN5CYY531EX
"ML/AI Demo UI (Automated Metadata UI, Transcript & Subtitle Editor)",Business Service,PEYBI3R,Transcription Engine (Transcript Model),Business Service,PUA25TT,D2EB8E9SEN5CYY531EO
Chartbeat Analytics,Business Service,P2JJ9S4,Double J Web,Business Service,P06IY6J,D2EB8UXBGNJW96MUV7C
Email Newsletters (SFMC),Business Service,PZQSC21,Composer API (SFMC Template Composer),Business Service,PXQ2GBB,D2EB8S7ZPWU5QXB37AW
Chartbeat Analytics,Business Service,P2JJ9S4,Radio National,Business Service,PG6UQZY,D2EB8UXBGNJW96MUV2R
Core Next,Business Service,P49JYW8,Terminus API,Business Service,P35H2A0,D2EB8SRGGUZB1RZ1JAC
Push Notifications (TBC),Business Service,P9U04EF,News Push Console,Business Service,PIIPS20,D2EB8VSGNRS4QJP6LHK
Streaming QoS (Youbora),Business Service,PRB3B0P,iview CTV (Smart TVs),Business Service,PY0SPKK,D2EB8YTGUOKYFBFBNM3
ABC listen Chromecast Receiver,Business Service,PFUM7XW,ABC Listen App,Business Service,P4LREYN,D2EB8IHM8U9IBLBX8AA
Core Next,Business Service,P49JYW8,Location Service (Aurora),Business Service,PVLJHEE,D2EB8SRGGUZB1RZ1JE1
Chartbeat Analytics,Business Service,P2JJ9S4,iView Web,Business Service,PLYQ3N8,D2EB8UXBGNJW96MUV4W
iview App (Native),Business Service,PTDEFMO,Login & Consent Mgmt (Gigya),Business Service,PM9I9PN,D2EB8ELGUT8G5GJGFTI
iview App (Native),Business Service,PTDEFMO,ABC ME App,Business Service,PRTOUY9,D2EB8ELGUT8G5GJGFUR
iview Chromecast Receiver,Business Service,PVOXOVV,Kids App,Business Service,PX450TF,D2EB8HQD742AWEEDYQS
Profiles Provider,Business Service,PWAS0GG,"Subscriptions API (SFMC API, Salesforce Marketing Cloud API)",Business Service,PHWUCDC,D2EB8WJPPHZC5QMPUWV
Measurement & Notifications (Google Firebase),Business Service,P7TA9RS,triple j App,Business Service,P1FGDVJ,D2EB8I21NA5E2WSRD2W
ABC listen Chromecast Receiver,Business Service,PFUM7XW,ABC KIDS Listen App,Business Service,P8FULCD,D2EB8IHM8U9IBLBX8BM
Measurement & Notifications (Google Firebase),Business Service,P7TA9RS,Kids App,Business Service,PX450TF,D2EB8I21NA5E2WSRD44
Contact Forms (Zendesk Support),Business Service,PZZQV9K,reCAPTCHA,Business Service,PCX6PK8,D2EB8GJJJTQZ8IXOTZO
ABC Listen App,Business Service,P4LREYN,"SeeSaw (Favourites, History, Prefs)",Business Service,PW02UXX,D2EB8ROIYYP0G2N4VD8
Chartbeat Analytics,Business Service,P2JJ9S4,News App,Business Service,P91SEKZ,D2EB8UXBGNJW96MUV3Q
Core Next,Business Service,P49JYW8,Weather Service (Aurora),Business Service,PH2ED3D,D2EB8SRGGUZB1RZ1JAY
Taxonomy Suggestions for Editors,Business Service,P6W7N4U,Disco (PAX Data Service),Business Service,P7J7Z8Y,D2EB8UTFB9IV70I2ED7
triple j Unearthed UGC CMS (Kentico.ai),Business Service,PD7VJ6U,Terminus API,Business Service,P35H2A0,D2EB8XEUWM7KN3P1L9G
Disco (PAX Data Service),Business Service,P7J7Z8Y,Event Pipeline (Snowplow),Business Service,PRK1U88,D2EB8SNKBGY9ZLU92IW
Discover (Global Search),Business Service,PEXW8NY,Search (Algolia),Business Service,PQMYULN,D2EB8V8ZWTMZFP189KU
News Web,Business Service,PSGOGCQ,Terminus API,Business Service,P35H2A0,D2EB8RCUISLX9K8RH0K
Login & Consent Mgmt (Gigya),Business Service,PM9I9PN,triple j Unearthed APIs & Transcoding,Business Service,P20YJKM,D2EB8ONIS1W6RAWZTBD
Streaming QoS (Youbora),Business Service,PRB3B0P,iview API,Business Service,PCW0D4S,D2EB8YTGUOKYFBFBNN5
Automated Metadata Engine (AME),Business Service,PXXI03E,Disco (PAX Data Service),Business Service,P7J7Z8Y,D2EB8JSC1ILV1MXETRV
ABC Listen App,Business Service,P4LREYN,Terminus API,Business Service,P35H2A0,D2EB8ROIYYP0G2N4VDW
Regional and Local Sites (x54 Sites),Business Service,PU6P5GU,Core Next,Business Service,P49JYW8,D2EB8P6ZJ01C25KY5A4
wCMS (CoreMedia 11),Business Service,P4VHRE4,Program API (PAPI),Business Service,PW7HAMA,D2EB8H30ARW4JDLN5Z1
iView Web,Business Service,PLYQ3N8,Recommendations Engine,Business Service,P3HP8C2,D2EB8PQG9Y6HD08WH5M
"Podcast Feeds (Apple Podcasts, Google Podcasts)",Business Service,PI6H8ML,PL Media Feeds,Business Service,PDK6C1P,D2EB8V53RFLYDIWFSN4
Kids App,Business Service,PX450TF,Search (Algolia),Business Service,PQMYULN,D2EB8Q60VIALLOS2CFY
Image Resizer (Akamai),Business Service,PANIBOM,wCMS (CoreMedia 11),Business Service,P4VHRE4,D2EB8FGM1XGOMTLS634
ABC Listen App,Business Service,P4LREYN,Remote Config & Feature Flag Mgmt (Google Firebase),Business Service,PSYWANN,D2EB8ROIYYP0G2N4VEM
Experiment Manager (AWS CloudWatch Evidently),Business Service,PSQETI7,A/B Testing (Google Firebase),Business Service,PQX1544,D2EB8GRBULT1CV79RMK
iview CTV (Smart TVs),Business Service,PY0SPKK,"SeeSaw (Favourites, History, Prefs)",Business Service,PW02UXX,D2EB8UDUPPEQYBYWJ4C
Country Web,Business Service,PC3TQN9,App Framework (Next.js),Business Service,PUHHOIW,D2EB8NW9QBOZC3ZGJRL
Measurement & Notifications (Google Firebase),Business Service,P7TA9RS,ABC Listen App,Business Service,P4LREYN,D2EB8I21NA5E2WSRD4I
iview TV App (tvOS / Android TV),Business Service,P3QZ923,iview API,Business Service,PCW0D4S,D2EB8OJMMNV5P4S7CKX
Push Notifications (TBC),Business Service,P9U04EF,ABC listen Push Notifications (Google Firebase),Business Service,PODNGQ1,D2EB8VSGNRS4QJP6LIJ
Homepage,Business Service,P4UBELO,App Framework (Next.js),Business Service,PUHHOIW,D2EB8Y27SYDR04HSE1D
Recommendations Engine,Business Service,P3HP8C2,Personalised Recommendations,Business Service,P6F53PQ,D2EB8I5XSO6F52XJTUR
Composer API (SFMC Template Composer),Business Service,PXQ2GBB,Weather Service (Aurora),Business Service,PH2ED3D,D2EB8EHKPF7F3AENZ0A
Composer API (SFMC Template Composer),Business Service,PXQ2GBB,Recommendations Engine,Business Service,P3HP8C2,D2EB8EHKPF7F3AENYZE
wCMS (CoreMedia 11),Business Service,P4VHRE4,Media Storage (On-prem),Business Service,PTN1GPP,D2EB8H30ARW4JDLN5YS
ABC Listen App,Business Service,P4LREYN,Search (Algolia),Business Service,PQMYULN,D2EB8ROIYYP0G2N4VI6
Push Notifications (TBC),Business Service,P9U04EF,triple j Push Notifications (Google Firebase),Business Service,PADT165,D2EB8VSGNRS4QJP6LGJ
Classic Web,Business Service,PKC2DG3,App Framework (Next.js),Business Service,PUHHOIW,D2EB8LIMFR2C0D22ADT
News App,Business Service,P91SEKZ,Login & Consent Mgmt (Gigya),Business Service,PM9I9PN,D2EB8L6XZKZ8TUNOW0M
Recommendations Engine,Business Service,P3HP8C2,Disco (PAX Data Service),Business Service,P7J7Z8Y,D2EB8I5XSO6F52XJTX7
Pacific Web,Business Service,PCMDCER,Core Next,Business Service,P49JYW8,D2EB8S43KIT4OR6AQM4
triple j Unearthed APIs & Transcoding,Business Service,P20YJKM,triple j Unearthed UGC CMS (Kentico.ai),Business Service,PD7VJ6U,D2EB8QPHMGFQWJG0ODJ
Profiles Event Bus,Business Service,PUR4P8X,Login & Consent Mgmt (Gigya),Business Service,PM9I9PN,D2EB8UHQV3FS0I3OZYU
Chromecast Receiver,Business Service,P83MFAB,ABC listen Chromecast Receiver,Business Service,PFUM7XW,D2EB8XYBNKCPXYCZX7H
Emergencies,Business Service,P77CT6W,Emergency Service (Aurora),Business Service,PWJPH1C,D2EB8TQHTD8KLB65QER
PL Media Feeds,Business Service,PDK6C1P,Terminus API,Business Service,P35H2A0,D2EB8FCPWJFNKNGZPB8
First-party Data Batch Ingestor,Business Service,PVE4BPB,ABC Account API,Business Service,PQ4TF9L,D2EB8SBVVAV6T3FVO3E
News Web,Business Service,PSGOGCQ,Recommendations Engine,Business Service,P3HP8C2,D2EB8RCUISLX9K8RH0A
triple j App,Business Service,P1FGDVJ,Search (Algolia),Business Service,PQMYULN,D2EB8LEQAD1AY6X9TOE
Terminus API,Business Service,P35H2A0,iview API,Business Service,PCW0D4S,D2EB8J8VAKGPQS9GHV5
Emergencies,Business Service,P77CT6W,Location Service (Aurora),Business Service,PVLJHEE,D2EB8TQHTD8KLB65QI1
iview CTV (Smart TVs),Business Service,PY0SPKK,iview API,Business Service,PCW0D4S,D2EB8UDUPPEQYBYWJ8X
Facebook News,Business Service,P1WIKO0,Facebook News Notifier,Business Service,P2UOJXL,D2EB8X36GG4HGLAO6WE
iview CMS (Dashboard),Business Service,PJ4N89J,iview API,Business Service,PCW0D4S,D2EB8IDQ3G8H9F74RJL
Core Next,Business Service,P49JYW8,Elections Service (Aurora),Business Service,PF197KX,D2EB8SRGGUZB1RZ1JBS
Regional and Local Sites (x54 Sites),Business Service,PU6P5GU,App Framework (Next.js),Business Service,PUHHOIW,D2EB8P6ZJ01C25KY58X
"TV Programs (BTN, Gardening, Media Watch, Q&A, Rage)",Business Service,PKUNXR0,App Framework (Next.js),Business Service,PUHHOIW,D2EB8G7V3NNW20JBFO1
Classic Web,Business Service,PKC2DG3,Core Next,Business Service,P49JYW8,D2EB8LIMFR2C0D22AF0
triple j Web,Business Service,PHNWJVG,Core Next,Business Service,P49JYW8,D2EB8QX9X8HT0VPLLX8
Kids App,Business Service,PX450TF,ABC Help (Zendesk Support),Business Service,P6OS3CR,D2EB8Q60VIALLOS2CDA
Jazz Web,Business Service,PCELWPO,Core Next,Business Service,P49JYW8,D2EB8MTC8FEOQENJVWC
ABC News Briefings (Audio Briefings),Business Service,PYBKVMM,PL Media Feeds,Business Service,PDK6C1P,D2EB8TAX7T4GCMMZV7K
iview CTV (Smart TVs),Business Service,PY0SPKK,iview TAL,Business Service,PGR9X1B,D2EB8UDUPPEQYBYWJ5W
ABC Listen App,Business Service,P4LREYN,App Support API,Business Service,PNH0TIJ,D2EB8ROIYYP0G2N4VGK
ABC Account,Business Service,PJP2RBM,Login & Consent Mgmt (Gigya),Business Service,PM9I9PN,D2EB8NOHFJMX7RPVM6U
Email Newsletters (SFMC),Business Service,PZQSC21,Terminus API,Business Service,P35H2A0,D2EB8S7ZPWU5QXB37C4
Terminus API,Business Service,P35H2A0,"Content API (wCMS, CAPI)",Business Service,PV2ZVNZ,D2EB8J8VAKGPQS9GHTU
Mobile Apps,Business Service,PTHDVL4,Mobile Flagship,Technical Service,PYPQ3JF,D2EH6NHAV6S329WYHML
Mobile Apps,Business Service,PTHDVL4,Mobile iview,Technical Service,PLWDUGM,D2EH6NHAV6S329WYHMN
Mobile Apps,Business Service,PTHDVL4,Mobile Listen,Technical Service,P2SIMKJ,D2EH6NHAV6S329WM6SO
Mobile Apps,Business Service,PTHDVL4,Mobile ABC-ME,Technical Service,P1ED9VP,D2EH6NHAV6S329WYHMQ
Mobile Apps,Business Service,PTHDVL4,Mobile News,Technical Service,PM7Z5VK,D2EH6NHAV6S329WYHMR
Mobile Apps,Business Service,PTHDVL4,Mobile Art Maker,Technical Service,PD445XO,D2EH6NHAV6S329WYHMS
Mobile Apps,Business Service,PTHDVL4,Mobile Triple J,Technical Service,PHCJT2X,D2EH6NHAV6S329X6QIA
Livetovod-high,Technical Service,PYD8TA4,Digital Media Delivery,Business Service,P1THNEB,D44C6H5C4F4W6J3NG
LiveToVod-NPAW-High,Technical Service,P4NAVDF,Digital Media Delivery,Business Service,P1THNEB,D2FS1R0VGPANYKA9OOS
iView Live Streams,Technical Service,PCZ5UED,LiveToVod-NPAW-High,Technical Service,P4NAVDF,DE7P1AS751ODB6UK9
DTV Adelaide,Business Service,PV6ICYN,ABC TV HD-DTV-Adelaide,Business Service,PTPO07L,D2G7JXBARGWFGY219QA
DTV Adelaide,Business Service,PV6ICYN,ABC TV KIDSFamily-DTV-Adelaide,Business Service,PWN3HI9,D2G7JXBARGWFGY219QJ
DTV Adelaide,Business Service,PV6ICYN,ABC Entertains-DTV-Adelaide,Business Service,PSAFH5J,D2G7JXBARGWFGY219QK
DTV Adelaide,Business Service,PV6ICYN,ABC TV SD-DTV-Adelaide,Business Service,PGTVDKN,D2G7JXBARGWFGY219QQ
DTV Adelaide,Business Service,PV6ICYN,ABC News-DTV-Adelaide,Business Service,PHGW31R,D2G7JXBARGWFGY219Q6
DTV Brisbane,Business Service,PRXXBIK,ABC TV KIDSFamily-DTV-Brisbane,Business Service,PEID8R3,D2G7JXF6WUXGJ46TQID
DTV Brisbane,Business Service,PRXXBIK,ABC TV HD-DTV-Brisbane,Business Service,PE782P1,D2G7JXF6WUXGJ46TQIN
DTV Brisbane,Business Service,PRXXBIK,ABC Entertains-DTV-Brisbane,Business Service,PDVCJ9M,D2G7JXF6WUXGJ46TQIX
DTV Brisbane,Business Service,PRXXBIK,ABC News-DTV-Brisbane,Business Service,P4FIF1G,D2G7JXF6WUXGJ46TQJ3
DTV Brisbane,Business Service,PRXXBIK,ABC TV SD-DTV-Brisbane,Business Service,P3839VZ,D2G7JXF6WUXGJ46TQIA
DTV Canberra,Business Service,PNL9B6X,ABC TV SD-DTV-Canberra,Business Service,PIV193T,D2G7JXJ328YHLABM7AS
DTV Canberra,Business Service,PNL9B6X,ABC TV HD-DTV-Canberra,Business Service,PKEOKBC,D2G7JXJ328YHLABM7BB
DTV Canberra,Business Service,PNL9B6X,ABC TV KIDSFamily-DTV-Canberra,Business Service,PZJRIXZ,D2G7JXJ328YHLABM7BE
DTV Canberra,Business Service,PNL9B6X,ABC News-DTV-Canberra,Business Service,P16XEPT,D2G7JXJ328YHLABM7BK
DTV Canberra,Business Service,PNL9B6X,ABC Entertains-DTV-Canberra,Business Service,PYOZQ1S,D2G7JXJ328YHLABM7AL
DTV Darwin,Business Service,P7OLAU7,ABC News-DTV-Darwin,Business Service,PR30OZC,D2G7JXMZ7MZINGGEO33
DTV Darwin,Business Service,P7OLAU7,ABC TV KIDSFamily-DTV-Darwin,Business Service,PB9S7BD,D2G7JXMZ7MZINGGEO3A
DTV Darwin,Business Service,P7OLAU7,ABC TV SD-DTV-Darwin,Business Service,PAXK1ZB,D2G7JXMZ7MZINGGEO3K
DTV Darwin,Business Service,P7OLAU7,ABC TV HD-DTV-Darwin,Business Service,PH50JMP,D2G7JXMZ7MZINGGEO3S
DTV Darwin,Business Service,P7OLAU7,ABC Entertains-DTV-Darwin,Business Service,PUCOPP2,D2G7JXMZ7MZINGGEO32
DTV Hobart,Business Service,P3CAZEH,ABC News-DTV-Hobart,Business Service,PNTCNKP,D2G7JXQVD10JPML74VK
DTV Hobart,Business Service,P3CAZEH,ABC Entertains-DTV-Hobart,Business Service,PU0G6N0,D2G7JXQVD10JPML74VS
DTV Hobart,Business Service,P3CAZEH,ABC TV SD-DTV-Hobart,Business Service,P9F74IN,D2G7JXQVD10JPML74VU
DTV Hobart,Business Service,P3CAZEH,ABC TV HD-DTV-Hobart,Business Service,PP1UGTW,D2G7JXQVD10JPML74WD
DTV Hobart,Business Service,P3CAZEH,ABC TV KIDSFamily-DTV-Hobart,Business Service,PBKKQDF,D2G7JXQVD10JPML74VG
DTV Melbourne,Business Service,P03PZ2U,ABC News-DTV-Melbourne,Business Service,P65J45K,D2G7JXURIF1KRSPZLOB
DTV Melbourne,Business Service,P03PZ2U,ABC TV KIDSFamily-DTV-Melbourne,Business Service,PWLZ0KO,D2G7JXURIF1KRSPZLOH
DTV Melbourne,Business Service,P03PZ2U,ABC TV SD-DTV-Melbourne,Business Service,P8S6FE6,D2G7JXURIF1KRSPZLOU
DTV Melbourne,Business Service,P03PZ2U,ABC TV HD-DTV-Melbourne,Business Service,PCH7D7K,D2G7JXURIF1KRSPZLOZ
DTV Melbourne,Business Service,P03PZ2U,ABC Entertains-DTV-Melbourne,Business Service,PQRV5XA,D2G7JXURIF1KRSPZLO9
DTV Perth,Business Service,PIMYZPB,ABC News-DTV-Perth,Business Service,PLSH3DE,D2G7JXYNNT2LTYUS2GT
DTV Perth,Business Service,PIMYZPB,ABC Entertains-DTV-Perth,Business Service,PPCMMVY,D2G7JXYNNT2LTYUS2GZ
DTV Perth,Business Service,PIMYZPB,ABC TV SD-DTV-Perth,Business Service,P93BLG8,D2G7JXYNNT2LTYUS2H0
DTV Perth,Business Service,PIMYZPB,ABC TV KIDSFamily-DTV-Perth,Business Service,PK2GEZA,D2G7JXYNNT2LTYUS2HD
DTV Perth,Business Service,PIMYZPB,ABC TV HD-DTV-Perth,Business Service,P2WY3TX,D2G7JXYNNT2LTYUS2GS
DTV Sydney,Business Service,PFQNYAO,ABC TV SD-DTV-Sydney,Business Service,PM4P9FG,D2G7JY2JT73MW4ZKJ8Z
DTV Sydney,Business Service,PFQNYAO,ABC Entertains-DTV-Sydney,Business Service,PXA46MQ,D2G7JY2JT73MW4ZKJ93
DTV Sydney,Business Service,PFQNYAO,ABC News-DTV-Sydney,Business Service,P5UQL3I,D2G7JY2JT73MW4ZKJ9H
DTV Sydney,Business Service,PFQNYAO,ABC TV HD-DTV-Sydney,Business Service,P1I2KRV,D2G7JY2JT73MW4ZKJ9I
DTV Sydney,Business Service,PFQNYAO,ABC TV KIDSFamily-DTV-Sydney,Business Service,P6HRN7M,D2G7JY2JT73MW4ZKJ8X
DAB Adelaide,Business Service,PA51SYL,ABC Radio National-DAB-SA-Adelaide,Business Service,PR3HC8L,D2G7KC0R4GSFO45KPXQ
DAB Adelaide,Business Service,PA51SYL,ABC Country-DAB-SA-Adelaide,Business Service,PNUWBWY,D2G7KC0R4GSFO45KPXR
DAB Adelaide,Business Service,PA51SYL,ABC Jazz-DAB-SA-Adelaide,Business Service,PBN9YNM,D2G7KC0R4GSFO45KPXX
DAB Adelaide,Business Service,PA51SYL,Double J-DAB-SA-Adelaide,Business Service,PQSPW6J,D2G7KC0R4GSFO45KPY0
DAB Adelaide,Business Service,PA51SYL,ABC NewsRadio-DAB-SA-Adelaide,Business Service,P2XSU2G,D2G7KC0R4GSFO45KPY3
DAB Adelaide,Business Service,PA51SYL,ABC Local Radio-DAB-SA-Adelaide,Business Service,PZ8E34G,D2G7KC0R4GSFO45KPYR
DAB Adelaide,Business Service,PA51SYL,ABC Classic-DAB-SA-Adelaide,Business Service,PVZT2ST,D2G7KC0R4GSFO45KPYS
DAB Adelaide,Business Service,PA51SYL,ABC Sport-DAB-SA-Adelaide,Business Service,P0VJLJA,D2G7KC0R4GSFO45KPYX
DAB Adelaide,Business Service,PA51SYL,triple j Unearthed-DAB-SA-Adelaide,Business Service,PUKKJQR,D2G7KC0R4GSFO45KPZ2
DAB Adelaide,Business Service,PA51SYL,triple j-DAB-SA-Adelaide,Business Service,PLBTAF3,D2G7KC0R4GSFO45KPZH
DAB Adelaide,Business Service,PA51SYL,ABC KIDS listen-DAB-SA-Adelaide,Business Service,P3KSG6K,D2G7KC0R4GSFO45KPXJ
DAB Brisbane,Business Service,PWVDRJY,ABC Local Radio-DAB-QLD-Brisbane,Business Service,PUD5CLO,D2G7KC4N9UTGQAAD6Q5
DAB Brisbane,Business Service,PWVDRJY,ABC NewsRadio-DAB-QLD-Brisbane,Business Service,PBLEEQ1,D2G7KC4N9UTGQAAD6Q3
DAB Brisbane,Business Service,PWVDRJY,ABC Sport-DAB-QLD-Brisbane,Business Service,PDEPTOO,D2G7KC4N9UTGQAAD6S9
DAB Brisbane,Business Service,PWVDRJY,triple j-DAB-QLD-Brisbane,Business Service,PKMLUD1,D2G7KC4N9UTGQAAD6S7
DAB Brisbane,Business Service,PWVDRJY,ABC KIDS listen-DAB-QLD-Brisbane,Business Service,P2F7AUJ,D2G7KC4N9UTGQAAD6RW
DAB Brisbane,Business Service,PWVDRJY,Double J-DAB-QLD-Brisbane,Business Service,P7EW0OQ,D2G7KC4N9UTGQAAD6RB
DAB Brisbane,Business Service,PWVDRJY,ABC Classic-DAB-QLD-Brisbane,Business Service,PK3B58J,D2G7KC4N9UTGQAAD6R4
DAB Brisbane,Business Service,PWVDRJY,triple j Unearthed-DAB-QLD-Brisbane,Business Service,PP2P72F,D2G7KC4N9UTGQAAD6R0
DAB Brisbane,Business Service,PWVDRJY,ABC Jazz-DAB-QLD-Brisbane,Business Service,PTQ5QH7,D2G7KC4N9UTGQAAD6QP
DAB Brisbane,Business Service,PWVDRJY,ABC Country-DAB-QLD-Brisbane,Business Service,P9G1VUW,D2G7KC4N9UTGQAAD6QH
DAB Brisbane,Business Service,PWVDRJY,ABC Radio National-DAB-QLD-Brisbane,Business Service,PXALXYZ,D2G7KC4N9UTGQAAD6QE
DAB Canberra,Business Service,PSJSR78,ABC Classic-DAB-ACT-Canberra,Business Service,PIVIZCC,D2G7KC8JF8UHSGF5NIR
DAB Canberra,Business Service,PSJSR78,ABC KIDS listen-DAB-ACT-Canberra,Business Service,P7WDGJN,D2G7KC8JF8UHSGF5NIE
DAB Canberra,Business Service,PSJSR78,Double J-DAB-ACT-Canberra,Business Service,PHQAU0B,D2G7KC8JF8UHSGF5NKO
DAB Canberra,Business Service,PSJSR78,ABC Sport-DAB-ACT-Canberra,Business Service,PX78XLA,D2G7KC8JF8UHSGF5NKH
DAB Canberra,Business Service,PSJSR78,ABC NewsRadio-DAB-ACT-Canberra,Business Service,PF4PFSS,D2G7KC8JF8UHSGF5NK5
DAB Canberra,Business Service,PSJSR78,triple j-DAB-ACT-Canberra,Business Service,P730H9O,D2G7KC8JF8UHSGF5NK1
DAB Canberra,Business Service,PSJSR78,ABC Jazz-DAB-ACT-Canberra,Business Service,PC6WKF4,D2G7KC8JF8UHSGF5NJW
DAB Canberra,Business Service,PSJSR78,ABC Radio National-DAB-ACT-Canberra,Business Service,PDWX9J8,D2G7KC8JF8UHSGF5NJC
DAB Canberra,Business Service,PSJSR78,ABC Country-DAB-ACT-Canberra,Business Service,P1IKO0E,D2G7KC8JF8UHSGF5NJ9
DAB Canberra,Business Service,PSJSR78,triple j Unearthed-DAB-ACT-Canberra,Business Service,P94WPSU,D2G7KC8JF8UHSGF5NJ7
DAB Canberra,Business Service,PSJSR78,ABC Local Radio-DAB-ACT-Canberra,Business Service,PHHQTAA,D2G7KC8JF8UHSGF5NJ1
DAB Darwin,Business Service,PPN4QUI,ABC NewsRadio-DAB-NT-Darwin,Business Service,PU1AWJ9,D2G7KCCFKMVIUMJY4BB
DAB Darwin,Business Service,PPN4QUI,ABC Radio National-DAB-NT-Darwin,Business Service,P38KA4I,D2G7KCCFKMVIUMJY4B5
DAB Darwin,Business Service,PPN4QUI,triple j-DAB-NT-Darwin,Business Service,PI25A2D,D2G7KCCFKMVIUMJY4CU
DAB Darwin,Business Service,PPN4QUI,ABC Classic-DAB-NT-Darwin,Business Service,PU9SDOP,D2G7KCCFKMVIUMJY4CO
DAB Darwin,Business Service,PPN4QUI,ABC Country-DAB-NT-Darwin,Business Service,PCI23H6,D2G7KCCFKMVIUMJY4C2
DAB Darwin,Business Service,PPN4QUI,Double J-DAB-NT-Darwin,Business Service,P8T16QS,D2G7KCCFKMVIUMJY4BX
DAB Darwin,Business Service,PPN4QUI,ABC KIDS listen-DAB-NT-Darwin,Business Service,PWNL8UV,D2G7KCCFKMVIUMJY4BU
DAB Darwin,Business Service,PPN4QUI,ABC Local Radio-DAB-NT-Darwin,Business Service,PGUQ4WW,D2G7KCCFKMVIUMJY4C1
DAB Hobart,Business Service,P8AGPFV,ABC KIDS listen-DAB-TAS-Hobart,Business Service,P0O4FUX,D2G7KCGBQ0WJWSOQL3C
DAB Hobart,Business Service,P8AGPFV,ABC Jazz-DAB-TAS-Hobart,Business Service,PO61HYA,D2G7KCGBQ0WJWSOQL39
DAB Hobart,Business Service,P8AGPFV,ABC Sport-DAB-TAS-Hobart,Business Service,P23CUSH,D2G7KCGBQ0WJWSOQL5I
DAB Hobart,Business Service,P8AGPFV,ABC Classic-DAB-TAS-Hobart,Business Service,P5D0V57,D2G7KCGBQ0WJWSOQL5H
DAB Hobart,Business Service,P8AGPFV,ABC Radio National-DAB-TAS-Hobart,Business Service,PTXKX9N,D2G7KCGBQ0WJWSOQL5E
DAB Hobart,Business Service,P8AGPFV,triple j Unearthed-DAB-TAS-Hobart,Business Service,PQA4CYM,D2G7KCGBQ0WJWSOQL55
DAB Hobart,Business Service,P8AGPFV,ABC Local Radio-DAB-TAS-Hobart,Business Service,PNCOHLB,D2G7KCGBQ0WJWSOQL4W
DAB Hobart,Business Service,P8AGPFV,ABC Country-DAB-TAS-Hobart,Business Service,P17S4LC,D2G7KCGBQ0WJWSOQL4F
DAB Hobart,Business Service,P8AGPFV,triple j-DAB-TAS-Hobart,Business Service,PH5INYY,D2G7KCGBQ0WJWSOQL47
DAB Hobart,Business Service,P8AGPFV,Double J-DAB-TAS-Hobart,Business Service,PWMTRWX,D2G7KCGBQ0WJWSOQL40
DAB Hobart,Business Service,P8AGPFV,ABC NewsRadio-DAB-TAS-Hobart,Business Service,PFY2F2R,D2G7KCGBQ0WJWSOQL3E
DAB Melbourne,Business Service,P51VP35,Double J-DAB-VIC-Melbourne,Business Service,PYPTDAB,D2G7KCK7VEXKYYTJ1VW
DAB Melbourne,Business Service,P51VP35,ABC Country-DAB-VIC-Melbourne,Business Service,PM56AS2,D2G7KCK7VEXKYYTJ1W2
DAB Melbourne,Business Service,P51VP35,triple j Unearthed-DAB-VIC-Melbourne,Business Service,PEJXZ0P,D2G7KCK7VEXKYYTJ1W4
DAB Melbourne,Business Service,P51VP35,ABC Radio National-DAB-VIC-Melbourne,Business Service,PLTBUQ0,D2G7KCK7VEXKYYTJ1WC
DAB Melbourne,Business Service,P51VP35,triple j-DAB-VIC-Melbourne,Business Service,PSBA7F5,D2G7KCK7VEXKYYTJ1WR
DAB Melbourne,Business Service,P51VP35,ABC NewsRadio-DAB-VIC-Melbourne,Business Service,PFFHLUU,D2G7KCK7VEXKYYTJ1X7
DAB Melbourne,Business Service,P51VP35,ABC Local Radio-DAB-VIC-Melbourne,Business Service,PMPLGH5,D2G7KCK7VEXKYYTJ1XF
DAB Melbourne,Business Service,P51VP35,ABC KIDS listen-DAB-VIC-Melbourne,Business Service,PIDAG4F,D2G7KCK7VEXKYYTJ1XG
DAB Melbourne,Business Service,P51VP35,ABC Jazz-DAB-VIC-Melbourne,Business Service,PBV1ED2,D2G7KCK7VEXKYYTJ1XI
DAB Melbourne,Business Service,P51VP35,ABC Sport-DAB-VIC-Melbourne,Business Service,P6RVB79,D2G7KCK7VEXKYYTJ1XN
DAB Melbourne,Business Service,P51VP35,ABC Classic-DAB-VIC-Melbourne,Business Service,PESHZQQ,D2G7KCK7VEXKYYTJ1XR
DAB Perth,Business Service,P1S7OQF,ABC NewsRadio-DAB-WA-Perth,Business Service,PJ7QFEE,D2G7KCO40SYM14YBIO9
DAB Perth,Business Service,P1S7OQF,Double J-DAB-WA-Perth,Business Service,P66DUF6,D2G7KCO40SYM14YBIOQ
DAB Perth,Business Service,P1S7OQF,ABC Country-DAB-WA-Perth,Business Service,PAYES8K,D2G7KCO40SYM14YBIOV
DAB Perth,Business Service,P1S7OQF,triple j-DAB-WA-Perth,Business Service,PKF6ONL,D2G7KCO40SYM14YBIP2
DAB Perth,Business Service,P1S7OQF,ABC Local Radio-DAB-WA-Perth,Business Service,POQH10D,D2G7KCO40SYM14YBIPI
DAB Perth,Business Service,P1S7OQF,ABC Jazz-DAB-WA-Perth,Business Service,PYX8K2E,D2G7KCO40SYM14YBIPP
DAB Perth,Business Service,P1S7OQF,ABC Radio National-DAB-WA-Perth,Business Service,PROZIB1,D2G7KCO40SYM14YBIPR
DAB Perth,Business Service,P1S7OQF,ABC Sport-DAB-WA-Perth,Business Service,P3TCGWL,D2G7KCO40SYM14YBIPU
DAB Perth,Business Service,P1S7OQF,ABC Classic-DAB-WA-Perth,Business Service,PXIDE0C,D2G7KCO40SYM14YBIPZ
DAB Perth,Business Service,P1S7OQF,triple j Unearthed-DAB-WA-Perth,Business Service,PAGWYB0,D2G7KCO40SYM14YBIQ8
DAB Perth,Business Service,P1S7OQF,ABC KIDS listen-DAB-WA-Perth,Business Service,PPLZWWK,D2G7KCO40SYM14YBIQB
DAB Sydney,Business Service,PKOTOAM,ABC Radio National-DAB-NSW-Sydney,Business Service,PE82SLN,D2G7KCS066ZN3B33ZHA
DAB Sydney,Business Service,PKOTOAM,triple j Unearthed-DAB-NSW-Sydney,Business Service,PPDHQ4H,D2G7KCS066ZN3B33ZHE
DAB Sydney,Business Service,PKOTOAM,ABC Sport-DAB-NSW-Sydney,Business Service,P5V8OD4,D2G7KCS066ZN3B33ZHG
DAB Sydney,Business Service,PKOTOAM,ABC Country-DAB-NSW-Sydney,Business Service,PZK996I,D2G7KCS066ZN3B33ZHL
DAB Sydney,Business Service,PKOTOAM,ABC Classic-DAB-NSW-Sydney,Business Service,P4GD5B2,D2G7KCS066ZN3B33ZHQ
DAB Sydney,Business Service,PKOTOAM,ABC Local Radio-DAB-NSW-Sydney,Business Service,PS051D3,D2G7KCS066ZN3B33ZHX
DAB Sydney,Business Service,PKOTOAM,triple j-DAB-NSW-Sydney,Business Service,P457MZ0,D2G7KCS066ZN3B33ZI0
DAB Sydney,Business Service,PKOTOAM,ABC Jazz-DAB-NSW-Sydney,Business Service,PJS5M6H,D2G7KCS066ZN3B33ZI2
DAB Sydney,Business Service,PKOTOAM,ABC KIDS listen-DAB-NSW-Sydney,Business Service,PN0GBJZ,D2G7KCS066ZN3B33ZII
DAB Sydney,Business Service,PKOTOAM,Double J-DAB-NSW-Sydney,Business Service,P9POVHX,D2G7KCS066ZN3B33ZIS
DAB Sydney,Business Service,PKOTOAM,ABC NewsRadio-DAB-NSW-Sydney,Business Service,P6I8AH8,D2G7KCS066ZN3B33ZGW
 ABC Classic - MP3 streams,Business Service,P37F0P2,ABC Classic-MP3 Stream-QLD,Business Service,P5KFBXN,D2G7KL3RP76WQFBZWEE
 ABC Classic - MP3 streams,Business Service,P37F0P2,ABC Classic-MP3 Stream-National,Business Service,PT47XZO,D2G7KL3RP76WQFBZWEL
 ABC Classic - MP3 streams,Business Service,P37F0P2,ABC Classic-MP3 Stream-SA,Business Service,PPUJWJL,D2G7KL3RP76WQFBZWEM
 ABC Classic - MP3 streams,Business Service,P37F0P2,ABC Classic-MP3 Stream-WA,Business Service,P8IYW7Y,D2G7KL3RP76WQFBZWEN
 ABC Classic - MP3 streams,Business Service,P37F0P2,ABC Classic-MP3 Stream-NSW,Business Service,PJHDP10,D2G7KL3RP76WQFBZWF0
 ABC Classic - MP3 streams,Business Service,P37F0P2,ABC Classic-MP3 Stream-VIC,Business Service,PCZ4NZN,D2G7KL3RP76WQFBZWF2
 ABC Classic - MP3 streams,Business Service,P37F0P2,ABC Classic-MP3 Stream-NT,Business Service,P0DC5OD,D2G7KL3RP76WQFBZWDM
ABC Classic - HLS Streams,Business Service,PM410Z9,ABC Classic-HLS Stream-NT,Business Service,P3BUMM1,D2G7KL7NUL7XSLGSD6B
ABC Classic - HLS Streams,Business Service,PM410Z9,ABC Classic-HLS Stream-VIC,Business Service,PEAZFFT,D2G7KL7NUL7XSLGSD6O
ABC Classic - HLS Streams,Business Service,PM410Z9,ABC Classic-HLS Stream-QLD,Business Service,PXS0EQD,D2G7KL7NUL7XSLGSD6Q
ABC Classic - HLS Streams,Business Service,PM410Z9,ABC Classic-HLS Stream-National,Business Service,PQ6RCM0,D2G7KL7NUL7XSLGSD6S
ABC Classic - HLS Streams,Business Service,PM410Z9,ABC Classic-HLS Stream-WA,Business Service,P09M5BE,D2G7KL7NUL7XSLGSD7P
ABC Classic - HLS Streams,Business Service,PM410Z9,ABC Classic-HLS Stream-NSW,Business Service,PFWK59Y,D2G7KL7NUL7XSLGSD7R
ABC Classic - HLS Streams,Business Service,PM410Z9,ABC Classic-HLS Stream-SA,Business Service,PRWS234,D2G7KL7NUL7XSLGSD68
ABC Radio Australia - MP3 Streams,Business Service,PIUCMJJ,ABC Radio Australia-Multi Language-MP3 Stream,Business Service,PBCGL55,D2G7KLBJZZ8YURLKTYV
ABC Radio Australia - MP3 Streams,Business Service,PIUCMJJ,ABC Radio Australia-English-MP3 Stream,Business Service,POYZ7SG,D2G7KLBJZZ8YURLKTYF
ABC Radio Australia - HLS Streams,Business Service,PEIRM7W,ABC Radio Australia-English-HLS Stream,Business Service,PILSMWI,D2G7KLFG5D9ZWXQDAR9
ABC Radio Australia - HLS Streams,Business Service,PEIRM7W,ABC Radio Australia-Multi Language-HLS Stream,Business Service,PDNZTBP,D2G7KLFG5D9ZWXQDAS4
ABC Radio National - MP3 Streams,Business Service,PB93LV6,ABC Radio National-MP3 Stream-QLD,Business Service,PV5D2FU,D2G7KLJCARB0Z3V5RJJ
ABC Radio National - MP3 Streams,Business Service,PB93LV6,ABC Radio National-MP3 Stream-WA,Business Service,PQHJJ12,D2G7KLJCARB0Z3V5RJU
ABC Radio National - MP3 Streams,Business Service,PB93LV6,ABC Radio National-MP3 Stream-NT,Business Service,PHYSASE,D2G7KLJCARB0Z3V5RK9
ABC Radio National - MP3 Streams,Business Service,PB93LV6,ABC Radio National-MP3 Stream-NSW,Business Service,P4XFPT6,D2G7KLJCARB0Z3V5RKQ
ABC Radio National - MP3 Streams,Business Service,PB93LV6,ABC Radio National-MP3 Stream-VIC,Business Service,PG8SOOA,D2G7KLJCARB0Z3V5RKT
ABC Radio National - MP3 Streams,Business Service,PB93LV6,ABC Radio National-MP3 Stream-SA,Business Service,P7MO6DT,D2G7KLJCARB0Z3V5RJC
ABC Radio National- HLS Streams,Business Service,PXZFKFG,ABC Radio National-HLS Stream-NT,Business Service,PZTW9WJ,D2G7KLN8G5C219ZY8BO
ABC Radio National- HLS Streams,Business Service,PXZFKFG,ABC Radio National-HLS Stream-SA,Business Service,PJZL5YK,D2G7KLN8G5C219ZY8BV
ABC Radio National- HLS Streams,Business Service,PXZFKFG,ABC Radio National-HLS Stream-WA,Business Service,PNK41QE,D2G7KLN8G5C219ZY8C1
ABC Radio National- HLS Streams,Business Service,PXZFKFG,ABC Radio National-HLS Stream-NSW,Business Service,P2MMGJM,D2G7KLN8G5C219ZY8CD
ABC Radio National- HLS Streams,Business Service,PXZFKFG,ABC Radio National-HLS Stream-QLD,Business Service,PUC035V,D2G7KLN8G5C219ZY8DM
ABC Radio National- HLS Streams,Business Service,PXZFKFG,ABC Radio National-HLS Stream-VIC,Business Service,PD2HN99,D2G7KLN8G5C219ZY8BN
Double J- MP3 Streams,Business Service,PU0UK3T,Double J-MP3 Stream-National,Business Service,P4Q0613,D2G7KLR4LJD33G4QP49
Double J- MP3 Streams,Business Service,PU0UK3T,Double J-MP3 Stream-SA,Business Service,PUU7JDS,D2G7KLR4LJD33G4QP4P
Double J- MP3 Streams,Business Service,PU0UK3T,Double J-MP3 Stream-QLD,Business Service,PGJKUQC,D2G7KLR4LJD33G4QP5F
Double J- MP3 Streams,Business Service,PU0UK3T,Double J-MP3 Stream-WA,Business Service,P873Q5W,D2G7KLR4LJD33G4QP5L
Double J- MP3 Streams,Business Service,PU0UK3T,Double J-MP3 Stream-NSW,Business Service,PRE78V7,D2G7KLR4LJD33G4QP5T
Double J- MP3 Streams,Business Service,PU0UK3T,Double J-MP3 Stream-NT,Business Service,PVH88HW,D2G7KLR4LJD33G4QP45
Double J- HLS Streams,Business Service,PQR6JR3,Double J-HLS Stream-SA,Business Service,P7NG0BR,D2G7KLV0QXE45M9J5WY
Double J- HLS Streams,Business Service,PQR6JR3,Double J-HLS Stream-National,Business Service,P59NVV8,D2G7KLV0QXE45M9J5XS
Double J- HLS Streams,Business Service,PQR6JR3,Double J-HLS Stream-NSW,Business Service,POGRQHJ,D2G7KLV0QXE45M9J5Y0
Double J- HLS Streams,Business Service,PQR6JR3,Double J-HLS Stream-NT,Business Service,PO4J7FH,D2G7KLV0QXE45M9J5YA
Double J- HLS Streams,Business Service,PQR6JR3,Double J-HLS Stream-WA,Business Service,PBKZ4X8,D2G7KLV0QXE45M9J5YG
Double J- HLS Streams,Business Service,PQR6JR3,Double J-HLS Stream-QLD,Business Service,PGC5NLZ,D2G7KLV0QXE45M9J5WI
triple j- MP3 Streams,Business Service,P9EIIBD,triple j-MP3 Stream-National,Business Service,PG0A4JX,D2G7KLYWWBF57SEBMP8
triple j- MP3 Streams,Business Service,P9EIIBD,triple j-MP3 Stream-QLD,Business Service,PN8YIOC,D2G7KLYWWBF57SEBMPN
triple j- MP3 Streams,Business Service,P9EIIBD,triple j-MP3 Stream-NT,Business Service,PWDVYOB,D2G7KLYWWBF57SEBMQ4
triple j- MP3 Streams,Business Service,P9EIIBD,triple j-MP3 Stream-WA,Business Service,PYMG9JK,D2G7KLYWWBF57SEBMQN
triple j- MP3 Streams,Business Service,P9EIIBD,triple j-MP3 Stream-NSW,Business Service,PVQV97X,D2G7KLYWWBF57SEBMQO
triple j- MP3 Streams,Business Service,P9EIIBD,triple j-MP3 Stream-SA,Business Service,PS7K856,D2G7KLYWWBF57SEBMP2
triple j- HLS Streams,Business Service,P65XHMQ,triple j-HLS Stream-NSW,Business Service,P9X3C9A,D2G7KM2T1PG69YJ43ID
triple j- HLS Streams,Business Service,P65XHMQ,triple j-HLS Stream-NT,Business Service,P1ZMUFI,D2G7KM2T1PG69YJ43IP
triple j- HLS Streams,Business Service,P65XHMQ,triple j-HLS Stream-SA,Business Service,PZBOSLM,D2G7KM2T1PG69YJ43IT
triple j- HLS Streams,Business Service,P65XHMQ,triple j-HLS Stream-QLD,Business Service,P0LUODG,D2G7KM2T1PG69YJ43IZ
triple j- HLS Streams,Business Service,P65XHMQ,triple j-HLS Stream-National,Business Service,PJ685LL,D2G7KM2T1PG69YJ43JA
triple j- HLS Streams,Business Service,P65XHMQ,triple j-HLS Stream-WA,Business Service,PYOO3HI,D2G7KM2T1PG69YJ43JD
HLS itinerant streams,Business Service,P2W9HN0,Itinerant stream 1-HLS Stream-National,Business Service,PLJ8H76,D2G7KM6P73H7C4NWKAM
HLS itinerant streams,Business Service,P2W9HN0,Itinerant stream 3-HLS Stream-National,Business Service,PKW8V32,D2G7KM6P73H7C4NWKB6
HLS itinerant streams,Business Service,P2W9HN0,Itinerant stream 2-HLS Stream-National,Business Service,PW20S9Z,D2G7KM6P73H7C4NWKBA
HLS itinerant streams,Business Service,P2W9HN0,Itinerant stream 4-HLS Stream-National,Business Service,P026M9B,D2G7KM6P73H7C4NWKAC
DTV Regional NSW,Business Service,PQYM2G6,ABC TV SD-DTV-NSW,Business Service,PUJF9XY,D2G7KR5S30SK3YSA0PN
DTV Regional NSW,Business Service,PQYM2G6,ABC TV HD-DTV-NSW,Business Service,P71I7TV,D2G7KR5S30SK3YSA0PQ
DTV Regional NSW,Business Service,PQYM2G6,ABC TV KIDSFamily-DTV-NSW,Business Service,P3SX6E5,D2G7KR5S30SK3YSA0PR
DTV Regional NSW,Business Service,PQYM2G6,ABC News-DTV-NSW,Business Service,PXHY47J,D2G7KR5S30SK3YSA0PW
DTV Regional NSW,Business Service,PQYM2G6,ABC Entertains-DTV-NSW,Business Service,PFECOBB,D2G7KR5S30SK3YSA0PK
DTV Regional NT,Business Service,P9MB23G,ABC TV HD-DTV-NT,Business Service,PW9FYBC,D2G7KR9O8ETL64X2HHJ
DTV Regional NT,Business Service,P9MB23G,ABC TV SD-DTV-NT,Business Service,PCGJU1Q,D2G7KR9O8ETL64X2HHR
DTV Regional NT,Business Service,P9MB23G,ABC Entertains-DTV-NT,Business Service,PH4CAFF,D2G7KR9O8ETL64X2HHG
DTV Regional NT,Business Service,P9MB23G,ABC TV KIDSFamily-DTV-NT,Business Service,PBTJ4K9,D2G7KR9O8ETL64X2HIB
DTV Regional NT,Business Service,P9MB23G,ABC News-DTV-NT,Business Service,P0UEP3H,D2G7KR9O8ETL64X2HHY
DTV Regional Queensland,Business Service,P6QQ1RT,ABC TV KIDSFamily-DTV-QLD,Business Service,PK2VVT3,D2G7KRDKDSUM8B1UYA5
DTV Regional Queensland,Business Service,P6QQ1RT,ABC TV SD-DTV-QLD,Business Service,PRNU8I8,D2G7KRDKDSUM8B1UYAK
DTV Regional Queensland,Business Service,P6QQ1RT,ABC TV HD-DTV-QLD,Business Service,PNB685I,D2G7KRDKDSUM8B1UYAL
DTV Regional Queensland,Business Service,P6QQ1RT,ABC Entertains-DTV-QLD,Business Service,PF375ZZ,D2G7KRDKDSUM8B1UYAQ
DTV Regional Queensland,Business Service,P6QQ1RT,ABC News-DTV-QLD,Business Service,P8RIWXZ,D2G7KRDKDSUM8B1UYA2
DTV Regional Tasmania,Business Service,P2E20C3,ABC TV KIDSFamily-DTV-TAS,Business Service,PZJ3ZR2,D2G7KRHGJ6VNAH6NF2E
DTV Regional Tasmania,Business Service,P2E20C3,ABC Entertains-DTV-TAS,Business Service,PP16X9M,D2G7KRHGJ6VNAH6NF2H
DTV Regional Tasmania,Business Service,P2E20C3,ABC TV HD-DTV-TAS,Business Service,P442PG7,D2G7KRHGJ6VNAH6NF2T
DTV Regional Tasmania,Business Service,P2E20C3,ABC News-DTV-TAS,Business Service,PMOG71P,D2G7KRHGJ6VNAH6NF34
DTV Regional Tasmania,Business Service,P2E20C3,ABC TV SD-DTV-TAS,Business Service,PU8N3VW,D2G7KRHGJ6VNAH6NF39
DTV Regional SA,Business Service,PLAO0MN,ABC TV HD-DTV-SA,Business Service,PRLMRKN,D2G7KRLCOKWOCNBFVV6
DTV Regional SA,Business Service,PLAO0MN,ABC Entertains-DTV-SA,Business Service,PGT7UDD,D2G7KRLCOKWOCNBFVV2
DTV Regional SA,Business Service,PLAO0MN,ABC TV SD-DTV-SA,Business Service,P7DQQVX,D2G7KRLCOKWOCNBFVV8
DTV Regional SA,Business Service,PLAO0MN,ABC TV KIDSFamily-DTV-SA,Business Service,PSAUXMP,D2G7KRLCOKWOCNBFVUW
DTV Regional SA,Business Service,PLAO0MN,ABC News-DTV-SA,Business Service,PKE0BV5,D2G7KRLCOKWOCNBFVUR
DTV Regional Victoria,Business Service,PI1009K,ABC News-DTV-VIC,Business Service,PJR0PR1,D2G7KRP8TYXPETG8CNR
DTV Regional Victoria,Business Service,PI1009K,ABC TV HD-DTV-VIC,Business Service,PC5RNMO,D2G7KRP8TYXPETG8CNT
DTV Regional Victoria,Business Service,PI1009K,ABC TV KIDSFamily-DTV-VIC,Business Service,PYW3N9L,D2G7KRP8TYXPETG8CNU
DTV Regional Victoria,Business Service,PI1009K,ABC TV SD-DTV-VIC,Business Service,PICV6OM,D2G7KRP8TYXPETG8CO1
DTV Regional Victoria,Business Service,PI1009K,ABC Entertains-DTV-VIC,Business Service,P4FXVI9,D2G7KRP8TYXPETG8CNF
DTV Regional WA,Business Service,PERBMXX,ABC News-DTV-WA,Business Service,POPBR7K,D2G7KRT4ZCYQGZL0TG3
DTV Regional WA,Business Service,PERBMXX,ABC Entertains-DTV-WA,Business Service,PVYNSZA,D2G7KRT4ZCYQGZL0TG1
DTV Regional WA,Business Service,PERBMXX,ABC TV SD-DTV-WA,Business Service,PZ7YTP0,D2G7KRT4ZCYQGZL0TG0
DTV Regional WA,Business Service,PERBMXX,ABC TV KIDSFamily-DTV-WA,Business Service,P169V5J,D2G7KRT4ZCYQGZL0TFW
DTV Regional WA,Business Service,PERBMXX,ABC TV HD-DTV-WA,Business Service,PDVRA3S,D2G7KRT4ZCYQGZL0TFP
ABC National Networks - Regional NSW FM/AM,Business Service,PUIZZEF,ABC Radio National-AM-NSW-Nowra,Business Service,P2LH746,D2G7L6Y5XWYUWU7Q44A
ABC National Networks - Regional NSW FM/AM,Business Service,PUIZZEF,triple j-FM-NSW-Manning River,Business Service,PSRWEET,D2G7L6Y5XWYUWU7Q450
ABC National Networks - Regional NSW FM/AM,Business Service,PUIZZEF,ABC Radio National-AM-NSW-Wollongong,Business Service,PW0HFTG,D2G7L6Y5XWYUWU7Q44Z
ABC National Networks - Regional NSW FM/AM,Business Service,PUIZZEF,triple j-FM-NSW-GraftonKempsey,Business Service,P584ICS,D2G7L6Y5XWYUWU7Q44T
ABC National Networks - Regional NSW FM/AM,Business Service,PUIZZEF,triple j-FM-NSW-Murrumbidgee Irrigation,Business Service,PT31KGV,D2G7L6Y5XWYUWU7Q44Q
ABC National Networks - Regional NSW FM/AM,Business Service,PUIZZEF,ABC Radio National-FM-NSW-Batemans BayMoruya,Business Service,PWCPLVI,D2G7L6Y5XWYUWU7Q44P
ABC National Networks - Regional NSW FM/AM,Business Service,PUIZZEF,ABC Classic-FM-NSW-SW SlopesE Riverina,Business Service,PXQI4XK,D2G7L6Y5XWYUWU7Q44F
ABC National Networks - Regional NSW FM/AM,Business Service,PUIZZEF,ABC NewsRadio-FM-NSW-Batemans BayMoruya,Business Service,PEZU5MA,D2G7L6Y5XWYUWU7Q44D
ABC National Networks - Regional NSW FM/AM,Business Service,PUIZZEF,ABC Radio National-FM-NSW-Upper Namoi,Business Service,PLI37RQ,D2G7L6Y5XWYUWU7Q44B
ABC National Networks - Regional NSW FM/AM,Business Service,PUIZZEF,ABC NewsRadio-FM-NSW-SW SlopesE Riverina,Business Service,POF8E23,D2G7L6Y5XWYUWU7Q451
ABC National Networks - Regional NSW FM/AM,Business Service,PUIZZEF,ABC Classic-FM-NSW-Illawarra,Business Service,P6Y57GW,D2G7L6Y5XWYUWU7Q449
ABC National Networks - Regional NSW FM/AM,Business Service,PUIZZEF,ABC NewsRadio-FM-NSW-Central Western Slopes,Business Service,PUT29KZ,D2G7L6Y5XWYUWU7Q446
ABC National Networks - Regional NSW FM/AM,Business Service,PUIZZEF,ABC Classic-FM-NSW-Manning River,Business Service,PFNMP1C,D2G7L6Y5XWYUWU7Q443
ABC National Networks - Regional NSW FM/AM,Business Service,PUIZZEF,triple j-FM-NSW-BegaCooma,Business Service,PIKNPE2,D2G7L6Y5XWYUWU7Q442
ABC National Networks - Regional NSW FM/AM,Business Service,PUIZZEF,ABC NewsRadio-FM-NSW-Illawarra,Business Service,P011PTI,D2G7L6Y5XWYUWU7Q441
ABC National Networks - Regional NSW FM/AM,Business Service,PUIZZEF,ABC Classic-FM-NSW-GraftonKempsey,Business Service,P3APQ68,D2G7L6Y5XWYUWU7Q440
ABC National Networks - Regional NSW FM/AM,Business Service,PUIZZEF,ABC NewsRadio-FM-NSW-Murrumbidgee Irrigation,Business Service,PRV9SNO,D2G7L6Y5XWYUWU7Q43X
ABC National Networks - Regional NSW FM/AM,Business Service,PUIZZEF,ABC Classic-FM-NSW-Central Tablelands,Business Service,PFMUV3E,D2G7L6Y5XWYUWU7Q43T
ABC National Networks - Regional NSW FM/AM,Business Service,PUIZZEF,ABC Radio National-FM-NSW-RichmondTweed,Business Service,PJYFVG4,D2G7L6Y5XWYUWU7Q43S
ABC National Networks - Regional NSW FM/AM,Business Service,PUIZZEF,ABC Radio National-FM-NSW-Manning River,Business Service,PLRQ7ER,D2G7L6Y5XWYUWU7Q45Y
ABC National Networks - Regional NSW FM/AM,Business Service,PUIZZEF,ABC Classic-FM-NSW-Central Western Slopes,Business Service,PVX4FGH,D2G7L6Y5XWYUWU7Q46M
ABC National Networks - Regional NSW FM/AM,Business Service,PUIZZEF,ABC Radio National-FM-NSW-BegaCooma,Business Service,PZ6SGW7,D2G7L6Y5XWYUWU7Q46L
ABC National Networks - Regional NSW FM/AM,Business Service,PUIZZEF,ABC Radio National-FM-NSW-Murrumbidgee Irrigation,Business Service,PZHKMY9,D2G7L6Y5XWYUWU7Q46B
ABC National Networks - Regional NSW FM/AM,Business Service,PUIZZEF,ABC Radio National-FM-NSW-Central Western Slopes,Business Service,PDU90NZ,D2G7L6Y5XWYUWU7Q46A
ABC National Networks - Regional NSW FM/AM,Business Service,PUIZZEF,ABC Classic-FM-NSW-Upper Namoi,Business Service,PH3X0MM,D2G7L6Y5XWYUWU7Q469
ABC National Networks - Regional NSW FM/AM,Business Service,PUIZZEF,ABC Classic-FM-NSW-Batemans BayMoruya,Business Service,P9282GI,D2G7L6Y5XWYUWU7Q465
ABC National Networks - Regional NSW FM/AM,Business Service,PUIZZEF,ABC Classic-FM-NSW-NewcastleHun. River,Business Service,PAWT5AO,D2G7L6Y5XWYUWU7Q461
ABC National Networks - Regional NSW FM/AM,Business Service,PUIZZEF,ABC NewsRadio-AM-NSW-Newcastle,Business Service,PE5E6PB,D2G7L6Y5XWYUWU7Q460
ABC National Networks - Regional NSW FM/AM,Business Service,PUIZZEF,ABC NewsRadio-FM-NSW-BegaCooma,Business Service,PHF2721,D2G7L6Y5XWYUWU7Q45Z
ABC National Networks - Regional NSW FM/AM,Business Service,PUIZZEF,ABC Radio National-AM-NSW-Newcastle,Business Service,P0CWVVK,D2G7L6Y5XWYUWU7Q43R
ABC National Networks - Regional NSW FM/AM,Business Service,PUIZZEF,ABC NewsRadio-FM-NSW-Manning River,Business Service,PXYAO00,D2G7L6Y5XWYUWU7Q45S
ABC National Networks - Regional NSW FM/AM,Business Service,PUIZZEF,ABC Radio National-FM-NSW-SW SlopesE Riverina,Business Service,PITXQ43,D2G7L6Y5XWYUWU7Q45P
ABC National Networks - Regional NSW FM/AM,Business Service,PUIZZEF,ABC Classic-FM-NSW-RichmondTweed,Business Service,PM2IQGT,D2G7L6Y5XWYUWU7Q45O
ABC National Networks - Regional NSW FM/AM,Business Service,PUIZZEF,ABC Classic-FM-NSW-Murrumbidgee Irrigation,Business Service,P3I4WYO,D2G7L6Y5XWYUWU7Q45D
ABC National Networks - Regional NSW FM/AM,Business Service,PUIZZEF,ABC NewsRadio-FM-NSW-Upper Namoi,Business Service,PO3DY01,D2G7L6Y5XWYUWU7Q45B
ABC National Networks - Regional NSW FM/AM,Business Service,PUIZZEF,triple j-FM-NSW-NewcastleHun. River,Business Service,PRD1YCR,D2G7L6Y5XWYUWU7Q45A
ABC National Networks - Regional NSW FM/AM,Business Service,PUIZZEF,ABC NewsRadio-FM-NSW-Central Tablelands,Business Service,PYLAA44,D2G7L6Y5XWYUWU7Q458
ABC National Networks - Regional NSW FM/AM,Business Service,PUIZZEF,ABC Classic-FM-NSW-BegaCooma,Business Service,PJGXC87,D2G7L6Y5XWYUWU7Q455
ABC National Networks - Regional QLD FM/AM,Business Service,PR9OZ2S,triple j-FM-QLD-Rockhampton,Business Service,P4WZCAQ,D2G7L7223AZVZ0CIKXJ
ABC National Networks - Regional QLD FM/AM,Business Service,PR9OZ2S,ABC Classic-FM-QLD-Gympie,Business Service,PGAMB5G,D2G7L7223AZVZ0CIKVZ
ABC National Networks - Regional QLD FM/AM,Business Service,PR9OZ2S,ABC Radio National-FM-QLD-Wide Bay,Business Service,PVG2Z1D,D2G7L7223AZVZ0CIKW2
ABC National Networks - Regional QLD FM/AM,Business Service,PR9OZ2S,ABC Classic-FM-QLD-Gold Coast,Business Service,PS6EYPQ,D2G7L7223AZVZ0CIKW3
ABC National Networks - Regional QLD FM/AM,Business Service,PR9OZ2S,ABC NewsRadio-FM-QLD-Mackay,Business Service,POXTXA0,D2G7L7223AZVZ0CIKW4
ABC National Networks - Regional QLD FM/AM,Business Service,PR9OZ2S,ABC NewsRadio-FM-QLD-Wide Bay,Business Service,PCQ6URR,D2G7L7223AZVZ0CIKWA
ABC National Networks - Regional QLD FM/AM,Business Service,PR9OZ2S,triple j-FM-QLD-Townsville,Business Service,PNILRXL,D2G7L7223AZVZ0CIKWE
ABC National Networks - Regional QLD FM/AM,Business Service,PR9OZ2S,ABC NewsRadio-FM-QLD-Rockhampton,Business Service,PBBBOPP,D2G7L7223AZVZ0CIKWK
ABC National Networks - Regional QLD FM/AM,Business Service,PR9OZ2S,triple j-FM-QLD-Wide Bay,Business Service,PY2QNZM,D2G7L7223AZVZ0CIKWL
ABC National Networks - Regional QLD FM/AM,Business Service,PR9OZ2S,ABC NewsRadio-FM-QLD-Cairns,Business Service,P5JA1EU,D2G7L7223AZVZ0CIKWZ
ABC National Networks - Regional QLD FM/AM,Business Service,PR9OZ2S,ABC NewsRadio-FM-QLD-Townsville,Business Service,P2NP124,D2G7L7223AZVZ0CIKX0
ABC National Networks - Regional QLD FM/AM,Business Service,PR9OZ2S,triple j-FM-QLD-Darling Downs,Business Service,PDKLMKY,D2G7L7223AZVZ0CIKX3
ABC National Networks - Regional QLD FM/AM,Business Service,PR9OZ2S,ABC Classic-FM-QLD-Mackay,Business Service,PPTDK45,D2G7L7223AZVZ0CIKX7
ABC National Networks - Regional QLD FM/AM,Business Service,PR9OZ2S,ABC NewsRadio-FM-QLD-Gold Coast,Business Service,P1YGI02,D2G7L7223AZVZ0CIKXA
ABC National Networks - Regional QLD FM/AM,Business Service,PR9OZ2S,ABC Radio National-FM-QLD-Gold Coast,Business Service,PD9TGIW,D2G7L7223AZVZ0CIKXD
ABC National Networks - Regional QLD FM/AM,Business Service,PR9OZ2S,ABC NewsRadio-FM-QLD-Gympie,Business Service,P85KDPD,D2G7L7223AZVZ0CIKXI
ABC National Networks - Regional QLD FM/AM,Business Service,PR9OZ2S,triple j-FM-QLD-Southern Downs,Business Service,PKNNBI6,D2G7L7223AZVZ0CIKVY
ABC National Networks - Regional QLD FM/AM,Business Service,PR9OZ2S,ABC Radio National-FM-QLD-Gympie,Business Service,PFVEVTF,D2G7L7223AZVZ0CIKXW
ABC National Networks - Regional QLD FM/AM,Business Service,PR9OZ2S,triple j-FM-QLD-Mackay,Business Service,PBJTUES,D2G7L7223AZVZ0CIKXX
ABC National Networks - Regional QLD FM/AM,Business Service,PR9OZ2S,ABC Classic-FM-QLD-Rockhampton,Business Service,PUAHTPC,D2G7L7223AZVZ0CIKXZ
ABC National Networks - Regional QLD FM/AM,Business Service,PR9OZ2S,triple j-FM-QLD-Cairns,Business Service,PR1WSAP,D2G7L7223AZVZ0CIKY0
ABC National Networks - Regional QLD FM/AM,Business Service,PR9OZ2S,ABC Radio National-FM-QLD-Mackay,Business Service,P36ZQW9,D2G7L7223AZVZ0CIKY3
ABC National Networks - Regional QLD FM/AM,Business Service,PR9OZ2S,ABC Radio National-FM-QLD-Rockhampton,Business Service,PEH9PRD,D2G7L7223AZVZ0CIKY6
ABC National Networks - Regional QLD FM/AM,Business Service,PR9OZ2S,ABC Radio National-FM-QLD-Southern Downs,Business Service,PTMPNNA,D2G7L7223AZVZ0CIKY9
ABC National Networks - Regional QLD FM/AM,Business Service,PR9OZ2S,ABC Classic-FM-QLD-Wide Bay,Business Service,PWK54KL,D2G7L7223AZVZ0CIKYI
ABC National Networks - Regional QLD FM/AM,Business Service,PR9OZ2S,ABC Classic-FM-QLD-Southern Downs,Business Service,PSZOL6W,D2G7L7223AZVZ0CIKYT
ABC National Networks - Regional QLD FM/AM,Business Service,PR9OZ2S,ABC Radio National-FM-QLD-Cairns,Business Service,PP00KU6,D2G7L7223AZVZ0CIKYU
ABC National Networks - Regional QLD FM/AM,Business Service,PR9OZ2S,ABC Classic-FM-QLD-Cairns,Business Service,P153IQ3,D2G7L7223AZVZ0CIKYX
ABC National Networks - Regional QLD FM/AM,Business Service,PR9OZ2S,ABC Radio National-FM-QLD-Darling Downs,Business Service,PK1PIAN,D2G7L7223AZVZ0CIKYY
ABC National Networks - Regional QLD FM/AM,Business Service,PR9OZ2S,triple j-FM-QLD-Gold Coast,Business Service,PRKGF4U,D2G7L7223AZVZ0CIKZ3
ABC National Networks - Regional QLD FM/AM,Business Service,PR9OZ2S,ABC Classic-FM-QLD-Townsville,Business Service,P42JD0R,D2G7L7223AZVZ0CIKZ6
ABC National Networks - Regional SA FM/AM,Business Service,PNA0YQ2,triple j-FM-SA-Spencer Gulf North,Business Service,PP8LDC2,D2G7L75Y8P0X16HB1OA
ABC National Networks - Regional SA FM/AM,Business Service,PNA0YQ2,ABC Classic-FM-SA-Spencer Gulf North,Business Service,PQGE989,D2G7L75Y8P0X16HB1P3
ABC National Networks - Regional SA FM/AM,Business Service,PNA0YQ2,ABC NewsRadio-FM-SA-Spencer Gulf North,Business Service,PCXLAGU,D2G7L75Y8P0X16HB1Q3
ABC National Networks - Regional SA FM/AM,Business Service,PNA0YQ2,ABC Radio National-FM-SA-Spencer Gulf North,Business Service,PTNH48Y,D2G7L75Y8P0X16HB1QZ
ABC National Networks - Regional SA FM/AM,Business Service,PNA0YQ2,triple j-FM-SA-RenmarkLoxton,Business Service,P22WHA1,D2G7L75Y8P0X16HB1O3
ABC National Networks - Regional SA FM/AM,Business Service,PNA0YQ2,ABC NewsRadio-FM-SA-RenmarkLoxton,Business Service,P0KOBL0,D2G7L75Y8P0X16HB1Q0
ABC National Networks - Regional SA FM/AM,Business Service,PNA0YQ2,ABC Classic-FM-SA-RenmarkLoxton,Business Service,PPBW3W8,D2G7L75Y8P0X16HB1R0
ABC National Networks - Regional SA FM/AM,Business Service,PNA0YQ2,ABC Radio National-FM-SA-South East Mt Gambier,Business Service,P5BHIPR,D2G7L75Y8P0X16HB1O2
ABC National Networks - Regional SA FM/AM,Business Service,PNA0YQ2,ABC NewsRadio-FM-SA-South East Mt Gambier,Business Service,PN7T8VJ,D2G7L75Y8P0X16HB1P4
ABC National Networks - Regional SA FM/AM,Business Service,PNA0YQ2,ABC Classic-FM-SA-South East Mt Gambier,Business Service,PG79BVH,D2G7L75Y8P0X16HB1Q2
ABC National Networks - Regional SA FM/AM,Business Service,PNA0YQ2,triple j-FM-SA-South East Mt Gambier,Business Service,P5SK24V,D2G7L75Y8P0X16HB1R2
ABC National Networks - Regional WA FM/AM,Business Service,P9LVSO0,ABC Classic-FM-WA-Southern Agricultural,Business Service,P7C7DCE,D2G7L88VQLB7MVT7PO1
ABC National Networks - Regional WA FM/AM,Business Service,P9LVSO0,ABC Classic-FM-WA-Bunbury,Business Service,P2V47U7,D2G7L88VQLB7MVT7PN9
ABC National Networks - Regional WA FM/AM,Business Service,P9LVSO0,ABC Classic-FM-WA-Central Agricultural,Business Service,P9DD8IK,D2G7L88VQLB7MVT7PN7
ABC National Networks - Regional WA FM/AM,Business Service,P9LVSO0,ABC NewsRadio-FM-WA-Central Agricultural,Business Service,POOVES4,D2G7L88VQLB7MVT7PO0
ABC National Networks - Regional WA FM/AM,Business Service,P9LVSO0,ABC NewsRadio-FM-WA-Southern Agricultural,Business Service,PV4XSMB,D2G7L88VQLB7MVT7PL8
ABC National Networks - Regional WA FM/AM,Business Service,P9LVSO0,ABC Radio National-AM-WA-Wagin,Business Service,PYDITC1,D2G7L88VQLB7MVT7PL7
ABC National Networks - Regional WA FM/AM,Business Service,P9LVSO0,ABC Radio National-AM-WA-Dalwallinu,Business Service,PZA5G66,D2G7L88VQLB7MVT7PMA
ABC National Networks - Regional WA FM/AM,Business Service,P9LVSO0,ABC Radio National-FM-WA-Southern Agricultural,Business Service,P79AQIY,D2G7L88VQLB7MVT7PLB
ABC National Networks - Regional WA FM/AM,Business Service,P9LVSO0,triple j-FM-WA-Bunbury,Business Service,PB7LOCQ,D2G7L88VQLB7MVT7PN3
ABC National Networks - Regional WA FM/AM,Business Service,P9LVSO0,triple j-FM-WA-Southern Agricultural,Business Service,PCFDH8X,D2G7L88VQLB7MVT7PNW
ABC National Networks - Regional WA FM/AM,Business Service,P9LVSO0,triple j-FM-WA-Central Agricultural,Business Service,PGIEHXJ,D2G7L88VQLB7MVT7PM8
ABC National Networks - Regional Victoria FM/AM,Business Service,P21R7H8,ABC Classic-FM-VIC-Bendigo,Business Service,PVPPZRE,D2G7L9JLJ9NKCXEPB3X
ABC National Networks - Regional Victoria FM/AM,Business Service,P21R7H8,ABC NewsRadio-FM-VIC-Murray Valley,Business Service,P8ZACMC,D2G7L9JLJ9NKCXEPB23
ABC National Networks - Regional Victoria FM/AM,Business Service,P21R7H8,ABC NewsRadio-FM-VIC-Goulburn Valley,Business Service,P50PCNP,D2G7L9JLJ9NKCXEPB24
ABC National Networks - Regional Victoria FM/AM,Business Service,P21R7H8,triple j-FM-VIC-Upper Murray,Business Service,PD1BATT,D2G7L9JLJ9NKCXEPB28
ABC National Networks - Regional Victoria FM/AM,Business Service,P21R7H8,ABC Classic-FM-VIC-Latrobe Valley,Business Service,PZSQZE3,D2G7L9JLJ9NKCXEPB29
ABC National Networks - Regional Victoria FM/AM,Business Service,P21R7H8,ABC NewsRadio-FM-VIC-Horsham,Business Service,P7L5WKA,D2G7L9JLJ9NKCXEPB2D
ABC National Networks - Regional Victoria FM/AM,Business Service,P21R7H8,ABC Classic-FM-VIC-Upper Murray,Business Service,P4OHW8N,D2G7L9JLJ9NKCXEPB2E
ABC National Networks - Regional Victoria FM/AM,Business Service,P21R7H8,ABC Classic-FM-VIC-Western Victoria,Business Service,PB065NN,D2G7L9JLJ9NKCXEPB32
ABC National Networks - Regional Victoria FM/AM,Business Service,P21R7H8,ABC NewsRadio-FM-VIC-Latrobe Valley,Business Service,PQ59367,D2G7L9JLJ9NKCXEPB35
ABC National Networks - Regional Victoria FM/AM,Business Service,P21R7H8,ABC NewsRadio-FM-VIC-Upper Murray,Business Service,P9VL2TH,D2G7L9JLJ9NKCXEPB36
ABC National Networks - Regional Victoria FM/AM,Business Service,P21R7H8,ABC Classic-FM-VIC-Mildura,Business Service,PL6Y1PO,D2G7L9JLJ9NKCXEPB39
ABC National Networks - Regional Victoria FM/AM,Business Service,P21R7H8,ABC Radio National-AM-VIC-Wangaratta,Business Service,PHXN0ZL,D2G7L9JLJ9NKCXEPB3A
ABC National Networks - Regional Victoria FM/AM,Business Service,P21R7H8,ABC Classic-FM-VIC-Goulburn Valley,Business Service,PAOAM88,D2G7L9JLJ9NKCXEPB3C
ABC National Networks - Regional Victoria FM/AM,Business Service,P21R7H8,ABC NewsRadio-FM-VIC-Western Victoria,Business Service,PKV2IN9,D2G7L9JLJ9NKCXEPB3J
ABC National Networks - Regional Victoria FM/AM,Business Service,P21R7H8,triple j-FM-VIC-Ballarat,Business Service,PWUXF3F,D2G7L9JLJ9NKCXEPB20
ABC National Networks - Regional Victoria FM/AM,Business Service,P21R7H8,ABC Classic-FM-VIC-Murray Valley,Business Service,P08GVIL,D2G7L9JLJ9NKCXEPB42
ABC National Networks - Regional Victoria FM/AM,Business Service,P21R7H8,triple j-FM-VIC-Bendigo,Business Service,PJ52W65,D2G7L9JLJ9NKCXEPB43
ABC National Networks - Regional Victoria FM/AM,Business Service,P21R7H8,ABC NewsRadio-FM-VIC-MilduraSunraysia,Business Service,PYN5U22,D2G7L9JLJ9NKCXEPB46
ABC National Networks - Regional Victoria FM/AM,Business Service,P21R7H8,triple j-FM-VIC-Goulburn Valley,Business Service,PNS8RKM,D2G7L9JLJ9NKCXEPB49
ABC National Networks - Regional Victoria FM/AM,Business Service,P21R7H8,triple j-FM-VIC-Western Victoria,Business Service,P6FKR8Z,D2G7L9JLJ9NKCXEPB4A
ABC National Networks - Regional Victoria FM/AM,Business Service,P21R7H8,ABC Radio National-FM-VIC-Western Victoria,Business Service,PQQ19YN,D2G7L9JLJ9NKCXEPB4I
ABC National Networks - Regional Victoria FM/AM,Business Service,P21R7H8,ABC NewsRadio-FM-VIC-Bendigo,Business Service,P1GZ1S5,D2G7L9JLJ9NKCXEPB4V
ABC National Networks - Regional Victoria FM/AM,Business Service,P21R7H8,triple j-FM-VIC-Murray Valley,Business Service,PKCI1CP,D2G7L9JLJ9NKCXEPB4W
ABC National Networks - Regional Victoria FM/AM,Business Service,P21R7H8,ABC Classic-FM-VIC-Ballarat,Business Service,PW8ZLIJ,D2G7L9JLJ9NKCXEPB50
ABC National Networks - Regional Victoria FM/AM,Business Service,P21R7H8,ABC Radio National-FM-VIC-Mildura,Business Service,P8QCJEG,D2G7L9JLJ9NKCXEPB53
ABC National Networks - Regional Victoria FM/AM,Business Service,P21R7H8,triple j-FM-VIC-Latrobe Valley,Business Service,P4ERJ2T,D2G7L9JLJ9NKCXEPB54
ABC National Networks - Regional Victoria FM/AM,Business Service,P21R7H8,triple j-FM-VIC-Mildura,Business Service,PGS1HKK,D2G7L9JLJ9NKCXEPB57
ABC National Networks - Regional Tasmania FM/AM,Business Service,PKKA84S,triple j-FM-TAS-NE Tasmania,Business Service,P7USXNB,D2G7L9NHONOLF3JHRWG
ABC National Networks - Regional Tasmania FM/AM,Business Service,PKKA84S,ABC NewsRadio-FM-TAS-NE Tasmania,Business Service,PTEX3IX,D2G7L9NHONOLF3JHRVK
ABC National Networks - Regional Tasmania FM/AM,Business Service,PKKA84S,ABC Radio National-FM-TAS-NE Tasmania,Business Service,PI8F6C0,D2G7L9NHONOLF3JHRVG
ABC National Networks - Regional Tasmania FM/AM,Business Service,PKKA84S,ABC Classic-FM-TAS-NE Tasmania,Business Service,PDD6GVV,D2G7L9NHONOLF3JHRUE
ABC National Networks - Regional NSW FM/AM,Business Service,PUIZZEF,triple j-FM-NSW-Illawarra,Business Service,PAFQLI7,D2G7L6Y5XWYUWU7Q431
ABC National Networks - Regional NSW FM/AM,Business Service,PUIZZEF,triple j-FM-NSW-Upper Namoi,Business Service,PX62L5H,D2G7L6Y5XWYUWU7Q432
ABC National Networks - Regional NSW FM/AM,Business Service,PUIZZEF,triple j-FM-NSW-Central Western Slopes,Business Service,PPKTJE4,D2G7L6Y5XWYUWU7Q434
ABC National Networks - Regional NSW FM/AM,Business Service,PUIZZEF,triple j-FM-NSW-SW SlopesE Riverina,Business Service,PKLFHK8,D2G7L6Y5XWYUWU7Q438
ABC National Networks - Regional NSW FM/AM,Business Service,PUIZZEF,triple j-FM-NSW-Central Tablelands,Business Service,PHPUH7I,D2G7L6Y5XWYUWU7Q439
ABC National Networks - Regional NSW FM/AM,Business Service,PUIZZEF,triple j-FM-NSW-RichmondTweed,Business Service,PSI9ERS,D2G7L6Y5XWYUWU7Q43D
ABC National Networks - Regional NSW FM/AM,Business Service,PUIZZEF,ABC Radio National-FM-NSW-Central Tablelands,Business Service,PA3IFG5,D2G7L6Y5XWYUWU7Q43B
ABC National Networks - Regional NSW FM/AM,Business Service,PUIZZEF,ABC Radio National-FM-NSW-GraftonKempsey,Business Service,P1R1BXM,D2G7L6Y5XWYUWU7Q43H
ABC National Networks - Regional QLD FM/AM,Business Service,PR9OZ2S,ABC Classic-FM-QLD-Darling Downs,Business Service,PTWEKTU,D2G7L7223AZVZ0CIKVJ
ABC National Networks - Regional QLD FM/AM,Business Service,PR9OZ2S,ABC Radio National-FM-QLD-Townsville,Business Service,P9O5J1E,D2G7L7223AZVZ0CIKVL
iview App (Native),Business Service,PTDEFMO,iView High Urgency,Technical Service,PQG5LF0,D2EB8ELGUT8G5FXBOFP
iview App (Native),Business Service,PTDEFMO,iView Live Streams,Technical Service,PCZ5UED,D2EB8ELGUT8G5FXDXT4
iview App (Native),Business Service,PTDEFMO,Gigya User Application,Technical Service,PLA18U3,D2EB8ELGUT8G5GIH8WX
iView Web,Business Service,PLYQ3N8,iView High Urgency,Technical Service,PQG5LF0,D2EB8PQG9Y6HCZMRPTH
iView Web,Business Service,PLYQ3N8,iView Live Streams,Technical Service,PCZ5UED,D2EB8PQG9Y6HCZMTZ6W
iView Web,Business Service,PLYQ3N8,Gigya User Application,Technical Service,PLA18U3,D2EB8PQG9Y6HD07XAAP
iview TV App (tvOS / Android TV),Business Service,P3QZ923,iView High Urgency,Technical Service,PQG5LF0,D2EB8OJMMNV5P462L4L
iview TV App (tvOS / Android TV),Business Service,P3QZ923,iView Live Streams,Technical Service,PCZ5UED,D2EB8OJMMNV5P464UI0
iview TV App (tvOS / Android TV),Business Service,P3QZ923,Gigya User Application,Technical Service,PLA18U3,D2EB8OJMMNV5P4R85LT
News Web,Business Service,PSGOGCQ,Terminus,Technical Service,PG0WU5Q,D2EB8RCUISLX9JMMP1O
News App,Business Service,P91SEKZ,Terminus,Technical Service,PG0WU5Q,D2EB8L6XZKZ8TU1K40C
News Web,Business Service,PSGOGCQ,WCMS Datadog - High,Technical Service,PBKOX80,D2EB8RCUISLX9JMME3M
News App,Business Service,P91SEKZ,WCMS Datadog - High,Technical Service,PBKOX80,D2EB8L6XZKZ8TU1JT2A
ABC Listen Web,Business Service,P9KD4RE,PAPI (high urgency),Technical Service,PT6RV1C,D2EB8PERTS3E6H8E8OS
ABC Listen Web,Business Service,P9KD4RE,MAPI,Technical Service,PFGJ942,D2EB8PERTS3E6H8E8P6
ABC Listen Web,Business Service,P9KD4RE,Radio streaming - endpoint,Technical Service,PL8SKDS,D2EB8PERTS3E6HFJU62
ABC Listen Web,Business Service,P9KD4RE,Radio streaming - high,Technical Service,PIZX3II,D2EB8PERTS3E6HPB8LL
ABC Listen Web,Business Service,P9KD4RE,Terminus,Technical Service,PG0WU5Q,D2EB8PERTS3E6H8EATO
ABC Listen Web,Business Service,P9KD4RE,Recommendations,Technical Service,PV2SNHH,D2EB8PERTS3E6H8FFIS
ABC Listen App,Business Service,P4LREYN,PAPI (high urgency),Technical Service,PT6RV1C,D2EB8ROIYYP0G2101A4
ABC Listen App,Business Service,P4LREYN,MAPI,Technical Service,PFGJ942,D2EB8ROIYYP0G2101AI
ABC Listen App,Business Service,P4LREYN,Radio streaming - endpoint,Technical Service,PL8SKDS,D2EB8ROIYYP0G285MRE
ABC Listen App,Business Service,P4LREYN,Radio streaming - high,Technical Service,PIZX3II,D2EB8ROIYYP0G2HX16X
ABC Listen App,Business Service,P4LREYN,Terminus,Technical Service,PG0WU5Q,D2EB8ROIYYP0G2103F0
ABC Listen App,Business Service,P4LREYN,Recommendations,Technical Service,PV2SNHH,D2EB8ROIYYP0G211844
ABC Listen App,Business Service,P4LREYN,Mobile Listen,Technical Service,P2SIMKJ,D2EB8ROIYYP0G2MU4FC
ABC KIDS Listen App,Business Service,P8FULCD,PAPI (high urgency),Technical Service,PT6RV1C,D2EB8WVE5O2FC8EYF7G
ABC KIDS Listen App,Business Service,P8FULCD,MAPI,Technical Service,PFGJ942,D2EB8WVE5O2FC8EYF7U
ABC KIDS Listen App,Business Service,P8FULCD,Radio streaming - endpoint,Technical Service,PL8SKDS,D2EB8WVE5O2FC8M40OQ
ABC KIDS Listen App,Business Service,P8FULCD,Radio streaming - high,Technical Service,PIZX3II,D2EB8WVE5O2FC8VVF49
ABC KIDS Listen App,Business Service,P8FULCD,Terminus,Technical Service,PG0WU5Q,D2EB8WVE5O2FC8EYHCC
ABC KIDS Listen App,Business Service,P8FULCD,Recommendations,Technical Service,PV2SNHH,D2EB8WVE5O2FC8EZM1G
ABC KIDS Listen App,Business Service,P8FULCD,Mobile Listen,Technical Service,P2SIMKJ,D2EB8WVE5O2FC90SICO
Emergencies,Business Service,P77CT6W,Terminus,Technical Service,PG0WU5Q,D2EB8TQHTD8KLAK0YFG
Emergencies,Business Service,P77CT6W,Data Services,Technical Service,PFKHYJY,D2EB8TQHTD8KLAPAJJG
Emergencies,Business Service,P77CT6W,Location API,Technical Service,PC9108M,D2EB8TQHTD8KLALUGMA
DTV Sydney,Business Service,PFQNYAO,ABC TV HD-DTV-NSW-Kings Cross,Business Service,PTFUTU8,D2G7JY2JT73MW4ZNZTG
DTV Sydney,Business Service,PFQNYAO,ABC News-DTV-NSW-Kings Cross,Business Service,P5KXRQ5,D2G7JY2JT73MW4ZNZTJ
DTV Sydney,Business Service,PFQNYAO,ABC Entertains-DTV-NSW-Kings Cross,Business Service,PHY7Q8Z,D2G7JY2JT73MW4ZNZTM
DTV Sydney,Business Service,PFQNYAO,ABC TV KIDSFamily-DTV-NSW-Kings Cross,Business Service,PAPYOGJ,D2G7JY2JT73MW4ZNZTO
DTV Sydney,Business Service,PFQNYAO,ABC TV SD-DTV-NSW-Kings Cross,Business Service,PXRFU6Y,D2G7JY2JT73MW4ZNZTF
DTV Sydney,Business Service,PFQNYAO,ABC TV KIDSFamily-DTV-NSW-ManlyMosman,Business Service,P9WIS2V,D2G7JY2JT73MW4ZNZTI
DTV Sydney,Business Service,PFQNYAO,ABC News-DTV-NSW-ManlyMosman,Business Service,P2O9QAF,D2G7JY2JT73MW4ZNZTK
DTV Sydney,Business Service,PFQNYAO,ABC Entertains-DTV-NSW-ManlyMosman,Business Service,PL7VQKM,D2G7JY2JT73MW4ZNZTL
DTV Sydney,Business Service,PFQNYAO,ABC TV SD-DTV-NSW-ManlyMosman,Business Service,PDLJPW9,D2G7JY2JT73MW4ZNZTN
DTV Sydney,Business Service,PFQNYAO,ABC TV HD-DTV-NSW-ManlyMosman,Business Service,PQ66SEI,D2G7JY2JT73MW4ZNZTH
